idx,e_max,offset,in_0,in_1,in_2,in_3,in_4,in_5,in_6,in_7,out_0,out_1,out_2,out_3,out_4,out_5,out_6,out_7
0,52,-20,1129,2259,4518,844,1689,3378,6756,5321,0,979,4096,0,409,2098,5476,4096
1,50,-18,2450,4901,1611,3222,6445,4698,1205,2410,1298,4096,459,2070,5293,4096,53,1258
2,53,-21,4820,1449,2899,5798,3405,6811,5430,2668,4096,105,1555,4454,2061,5467,4096,1324
3,54,-22,5336,2480,4960,1729,3459,6918,5645,3098,4096,1072,4096,321,2051,5510,4237,1690
4,53,-21,6197,4202,212,424,848,1696,3392,6784,4853,4096,0,0,0,352,2048,5440
5,40,-8,5377,2562,5125,2058,4116,40,81,163,4865,2050,4613,1546,4096,0,0,0
6,40,-8,326,653,1307,2614,5229,2266,4532,872,0,141,795,2102,4717,1754,4096,360
7,54,-22,1744,3488,6976,5761,3330,6661,5131,2070,336,2080,5568,4353,1922,5253,4096,662
8,45,-13,4141,91,182,365,730,1460,2920,5841,4096,0,0,0,0,628,2088,5009
9,54,-22,3491,6982,5773,3355,6710,5229,2266,4532,2083,5574,4365,1947,5302,4096,858,4096
10,54,-22,872,1744,3489,6978,5765,3339,6679,5167,0,336,2081,5570,4357,1931,5271,4096
11,60,-28,2142,4284,376,753,1507,3014,6029,3867,350,4096,0,0,0,1222,4237,2075
12,56,-24,7734,7277,6363,4534,877,1755,3510,7020,6198,5741,4827,4096,0,219,1974,5484
13,54,-22,5848,3504,7008,5824,3457,6915,5638,3085,4440,2096,5600,4416,2049,5507,4230,1677
14,55,-23,6171,4151,110,221,443,886,1772,3544,4699,4096,0,0,0,0,300,2072
15,59,-27,7089,5987,3783,7566,6940,5688,3185,6370,5361,4259,2055,5838,5212,4096,1457,4642
16,56,-24,4549,906,1813,3626,7252,6312,4433,674,4096,0,277,2090,5716,4776,4096,0
17,42,-10,1349,2698,5396,2600,5201,2210,4420,648,709,2058,4756,1960,4561,1570,4096,8
18,40,-8,1296,2593,5187,2183,4366,541,1082,2165,784,2081,4675,1671,4096,29,570,1653
19,58,-26,4331,471,943,1886,3772,7544,6896,5600,4096,0,0,222,2108,5880,5232,4096
20,60,-28,3009,6019,3846,7693,7195,6198,4204,217,1217,4227,2054,5901,5403,4406,4096,0
21,54,-22,435,871,1742,3484,6969,5746,3300,6601,0,0,334,2076,5561,4338,1892,5193
22,57,-25,5010,1828,3657,7314,6437,4682,1172,2344,4096,228,2057,5714,4837,4096,0,744
23,40,-8,4689,1187,2374,4749,1307,2615,5231,2271,4177,675,1862,4237,795,2103,4719,1759
24,63,-31,4543,895,1791,3583,7167,6143,4094,8188,4096,0,0,1599,5183,4159,2110,6204
25,63,-31,8184,8177,8162,8133,8074,7957,7722,7253,6200,6193,6178,6149,6090,5973,5738,5269
26,43,-11,6315,4439,686,1372,2744,5489,2786,5572,5611,4096,0,668,2040,4785,2082,4868
27,56,-24,2952,5904,3617,7235,6279,4367,543,1086,1416,4368,2081,5699,4743,4096,0,0
28,62,-30,2172,4344,497,995,1991,3982,7964,7737,252,4096,0,0,71,2062,6044,5817
29,57,-25,7283,6375,4558,925,1851,3703,7406,6620,5683,4775,4096,0,251,2103,5806,5020
30,59,-27,5048,1904,3809,7618,7044,5897,3603,7206,4096,176,2081,5890,5316,4169,1875,5478
31,38,-6,6220,4249,307,615,1231,2462,4925,1658,5836,4096,0,231,847,2078,4541,1274
32,61,-29,3317,6634,5077,1963,3927,7854,7517,6842,1461,4778,4096,107,2071,5998,5661,4986
33,58,-26,5493,2794,5589,2987,5974,3756,7512,6833,4096,1130,4096,1323,4310,2092,5848,5169
34,49,-17,5474,2756,5512,2832,5665,3138,6277,4363,4386,1668,4424,1744,4577,2050,5189,4096
35,46,-14,535,1070,2141,4282,373,747,1494,2989,0,174,1245,4096,0,0,598,2093
36,58,-26,5979,3767,7535,6879,5567,2943,5887,3582,4315,2103,5871,5215,4096,1279,4223,1918
37,63,-31,7164,6136,4080,8161,8130,8068,7945,7698,5180,4152,2096,6177,6146,6084,5961,5714
38,48,-16,7204,6216,4241,290,580,1161,2323,4646,6180,5192,4096,0,0,137,1299,4096
39,38,-6,1101,2202,4405,618,1237,2474,4949,1706,717,1818,4096,234,853,2090,4565,1322
40,53,-21,3412,6824,5457,2722,5445,2698,5396,2600,2068,5480,4113,1378,4101,1354,4096,1256
41,40,-8,5201,2211,4422,653,1306,2613,5227,2262,4689,1699,4096,141,794,2101,4715,1750
42,53,-21,4524,856,1712,3424,6849,5506,2820,5640,4096,0,368,2080,5505,4162,1476,4296
43,48,-16,3088,6176,4160,128,257,515,1030,2060,2064,5152,4096,0,0,0,6,1036
44,49,-17,4120,49,98,196,392,784,1568,3136,4096,0,0,0,0,0,480,2048
45,34,-2,6273,4354,516,1033,2067,4135,79,158,6145,4226,388,905,1939,4096,0,30
46,61,-29,317,635,1271,2543,5087,1982,3965,7930,0,0,0,687,4096,126,2109,6074
47,62,-30,7669,7147,6102,4013,8026,7860,7529,6867,5749,5227,4182,2093,6106,5940,5609,4947
48,52,-20,5542,2893,5786,3380,6761,5331,2471,4943,4262,1613,4506,2100,5481,4096,1191,4096
49,60,-28,1694,3388,6777,5362,2533,5066,1941,3882,0,1596,4985,4096,741,4096,149,2090
50,57,-25,7764,7336,6481,4770,1349,2698,5396,2601,6164,5736,4881,4096,0,1098,4096,1001
51,41,-9,5202,2212,4425,659,1319,2639,5279,2367,4626,1636,4096,83,743,2063,4703,1791
52,63,-31,4735,1279,2559,5118,2045,4090,8180,8169,4096,0,575,4096,61,2106,6196,6185
53,63,-31,8146,8101,8011,7830,7468,6745,5298,2405,6162,6117,6027,5846,5484,4761,4096,421
54,50,-18,4810,1428,2856,5713,3235,6471,4751,1310,4096,276,1704,4561,2083,5319,4096,158
55,60,-28,2620,5240,2288,4577,962,1925,3850,7701,828,4096,496,4096,0,133,2058,5909
56,48,-16,7211,6231,4271,351,703,1407,2814,5628,6187,5207,4096,0,0,383,1790,4604
57,63,-31,3064,6128,4064,8129,8066,7940,7688,7185,1080,4144,2080,6145,6082,5956,5704,5201
58,35,-3,6179,4167,142,285,570,1141,2283,4567,5987,4096,0,93,378,949,2091,4375
59,58,-26,943,1887,3775,7550,6909,5626,3061,6122,0,223,2111,5886,5245,4096,1397,4458
60,63,-31,4052,8104,8017,7842,7492,6792,5393,2594,2068,6120,6033,5858,5508,4808,4096,610
61,34,-2,5189,2186,4373,555,1111,2223,4447,702,5061,2058,4245,427,983,2095,4319,574
62,62,-30,1405,2810,5620,3049,6098,4004,8009,7826,0,890,4096,1129,4178,2084,6089,5906
63,52,-20,7461,6730,5268,2344,4688,1184,2368,4736,6181,5450,4096,1064,4096,0,1088,4096
64,40,-8,1281,2562,5125,2058,4116,40,80,160,769,2050,4613,1546,4096,0,0,0
65,40,-8,321,642,1284,2569,5139,2087,4174,157,0,130,772,2057,4627,1575,4096,0
66,58,-26,314,629,1259,2519,5038,1885,3771,7542,0,0,0,855,4096,221,2107,5878
67,59,-27,6893,5595,2998,5997,3803,7606,7020,5848,5165,4096,1270,4269,2075,5878,5292,4120
68,54,-22,3505,7010,5829,3466,6933,5674,3157,6314,2097,5602,4421,2058,5525,4266,1749,4906
69,42,-10,4437,682,1365,2731,5462,2732,5465,2739,4096,42,725,2091,4822,2092,4825,2099
70,51,-19,5478,2765,5531,2871,5742,3292,6584,4976,4262,1549,4315,1655,4526,2076,5368,4096
71,56,-24,1760,3521,7042,5892,3592,7184,6177,4163,224,1985,5506,4356,2056,5648,4641,4096
72,33,-1,134,268,537,1075,2150,4300,409,818,70,204,473,1011,2086,4236,345,754
73,51,-19,1637,3274,6548,4905,1619,3238,6476,4760,421,2058,5332,4096,403,2022,5260,4096
74,48,-16,1328,2657,5314,2436,4873,1554,3109,6219,304,1633,4290,1412,4096,530,2085,5195
75,46,-14,4247,302,605,1211,2423,4846,1501,3002,4096,0,0,315,1527,4096,605,2106
76,59,-27,6005,3818,7637,7082,5973,3755,7511,6831,4277,2090,5909,5354,4245,2027,5783,5103
77,62,-30,5471,2750,5500,2809,5619,3047,6095,3998,4096,830,4096,889,4096,1127,4175,2078
78,60,-28,7996,7800,7409,6627,5062,1933,3867,7735,6204,6008,5617,4835,4096,141,2075,5943
79,55,-23,7278,6365,4539,886,1773,3546,7093,5995,5806,4893,4096,0,301,2074,5621,4523
80,59,-27,3799,7599,7006,5820,3448,6897,5602,3012,2071,5871,5278,4096,1720,5169,4096,1284
81,60,-28,6024,3857,7715,7238,6285,4379,567,1135,4232,2065,5923,5446,4493,4096,0,0
82,62,-30,2271,4542,893,1786,3572,7144,6096,4000,351,4096,0,0,1652,5224,4176,2080
83,61,-29,8000,7809,7426,6660,5129,2067,4135,78,6144,5953,5570,4804,4096,211,4096,0
84,58,-26,157,314,628,1257,2514,5029,1866,3733,0,0,0,0,850,4096,202,2069
85,52,-20,7466,6740,5289,2387,4775,1359,2719,5438,6186,5460,4096,1107,4096,79,1439,4158
86,62,-30,2684,5368,2544,5089,1986,3973,7946,7701,764,4096,624,4096,66,2053,6026,5781
87,48,-16,7211,6230,4269,346,692,1384,2769,5539,6187,5206,4096,0,0,360,1745,4515
88,52,-20,2886,5772,3353,6707,5223,2255,4510,828,1606,4492,2073,5427,4096,975,4096,0
89,60,-28,1656,3313,6626,5061,1930,3861,7723,7254,0,1521,4834,4096,138,2069,5931,5462
90,44,-12,6316,4440,688,1377,2754,5509,2827,5655,5548,4096,0,609,1986,4741,2059,4887
91,48,-16,3118,6236,4280,369,739,1478,2956,5912,2094,5212,4096,0,0,454,1932,4888
92,56,-24,3632,7265,6338,4485,779,1559,3118,6237,2096,5729,4802,4096,0,23,1582,4701
93,59,-27,4283,374,749,1499,2999,5998,3804,7608,4096,0,0,0,1271,4270,2076,5880
94,56,-24,7024,5857,3522,7044,5896,3601,7202,6213,5488,4321,1986,5508,4360,2065,5666,4677
95,34,-2,4235,279,559,1118,2236,4473,754,1509,4107,151,431,990,2108,4345,626,1381
96,60,-28,3018,6037,3882,7764,7337,6482,4773,1355,1226,4245,2090,5972,5545,4690,4096,0
97,46,-14,2711,5422,2652,5304,2417,4834,1476,2953,1815,4526,1756,4408,1521,4096,580,2057
98,56,-24,5906,3620,7240,6289,4387,582,1165,2331,4370,2084,5704,4753,4096,0,0,795
99,55,-23,4663,1135,2270,4541,890,1781,3562,7124,4096,0,798,4096,0,309,2090,5652
100,61,-29,6056,3921,7842,7493,6794,5396,2601,5202,4200,2065,5986,5637,4938,4096,745,4096
101,41,-9,2212,4425,658,1317,2635,5271,2351,4702,1636,4096,82,741,2059,4695,1775,4126
102,61,-29,1213,2426,4853,1515,3031,6062,3932,7864,0,570,4096,0,1175,4206,2076,6008
103,56,-24,7537,6883,5574,2956,5913,3634,7269,6346,6001,5347,4096,1420,4377,2098,5733,4810
104,50,-18,4501,811,1623,3246,6492,4792,1392,2784,4096,0,471,2094,5340,4096,240,1632
105,56,-24,5569,2947,5895,3599,7199,6207,4222,252,4096,1411,4359,2063,5663,4671,4096,0
106,63,-31,505,1011,2022,4044,8088,7984,7777,7362,0,0,38,2060,6104,6000,5793,5378
107,48,-16,6533,4874,1557,3115,6231,4270,349,698,5509,4096,533,2091,5207,4096,0,0
108,58,-26,1397,2795,5590,2988,5976,3760,7521,6850,0,1131,4096,1324,4312,2096,5857,5186
109,48,-16,5508,2825,5650,3108,6216,4241,290,581,4484,1801,4626,2084,5192,4096,0,0
110,36,-4,1163,2326,4652,1112,2225,4451,710,1420,907,2070,4396,856,1969,4195,454,1164
111,51,-19,2841,5683,3175,6351,4510,829,1658,3316,1625,4467,1959,5135,4096,0,442,2100
112,61,-29,6633,5074,1957,3914,7829,7466,6741,5291,4777,4096,101,2058,5973,5610,4885,4096
113,44,-12,2390,4780,1369,2738,5477,2762,5524,2856,1622,4096,601,1970,4709,1994,4756,2088
114,50,-18,5712,3233,6467,4743,1295,2591,5183,2174,4560,2081,5315,4096,143,1439,4096,1022
115,63,-31,4349,506,1013,2026,4052,8104,8016,7840,4096,0,0,42,2068,6120,6032,5856
116,53,-21,7488,6784,5376,2560,5121,2051,4103,14,6144,5440,4096,1216,4096,707,4096,0
117,57,-25,28,57,115,231,462,925,1850,3701,0,0,0,0,0,0,250,2101
118,58,-26,7402,6612,5033,1874,3748,7497,6802,5413,5738,4948,4096,210,2084,5833,5138,4096
119,41,-9,2634,5269,2347,4695,1199,2398,4797,1402,2058,4693,1771,4119,623,1822,4221,826
120,61,-29,2804,5609,3027,6055,3919,7838,7484,6776,948,4096,1171,4199,2063,5982,5628,4920
121,60,-28,5361,2530,5060,1928,3856,7712,7232,6272,4096,738,4096,136,2064,5920,5440,4480
122,32,0,4353,514,1029,2059,4119,47,94,189,4353,514,1029,2059,4119,47,94,189
123,61,-29,378,757,1515,3031,6063,3934,7869,7547,0,0,0,1175,4207,2078,6013,5691
124,61,-29,6902,5612,3033,6066,3940,7880,7569,6947,5046,4096,1177,4210,2084,6024,5713,5091
125,50,-18,5702,3212,6425,4658,1125,2250,4501,810,4550,2060,5273,4096,0,1098,4096,0
126,50,-18,1621,3242,6485,4778,1365,2731,5462,2732,469,2090,5333,4096,213,1579,4310,1580
127,50,-18,5465,2738,5476,2761,5523,2855,5711,3231,4313,1586,4324,1609,4371,1703,4559,2079
128,63,-31,6463,4734,1277,2555,5111,2030,4061,8122,4479,4096,0,571,4096,46,2077,6138
129,61,-29,8052,7912,7632,7073,5954,3717,7435,6678,6196,6056,5776,5217,4098,1861,5579,4822
130,44,-12,5164,2137,4275,359,718,1437,2874,5749,4396,1369,4096,0,0,669,2106,4981
131,58,-26,3307,6615,5039,1887,3774,7548,6905,5618,1643,4951,4096,223,2110,5884,5241,4096
132,62,-30,3044,6089,3986,7973,7755,7318,6444,4697,1124,4169,2066,6053,5835,5398,4524,4096
133,50,-18,1202,2404,4808,1424,2848,5696,3200,6401,50,1252,4096,272,1696,4544,2048,5249
134,32,0,4610,1029,2058,4116,41,82,165,331,4610,1029,2058,4116,41,82,165,331
135,46,-14,663,1326,2653,5306,2421,4842,1492,2984,0,430,1757,4410,1525,4096,596,2088
136,58,-26,5968,3745,7491,6791,5391,2591,5182,2173,4304,2081,5827,5127,4096,927,4096,509
137,62,-30,4347,502,1004,2008,4017,8034,7876,7561,4096,0,0,88,2097,6114,5956,5641
138,49,-17,6930,5668,3145,6291,4391,590,1180,2360,5842,4580,2057,5203,4096,0,92,1272
139,56,-24,4720,1249,2499,4999,1807,3615,7231,6270,4096,0,963,4096,271,2079,5695,4734
140,63,-31,4349,506,1013,2026,4052,8104,8016,7841,4096,0,0,42,2068,6120,6032,5857
141,53,-21,7491,6791,5391,2590,5180,2168,4336,480,6147,5447,4096,1246,4096,824,4096,0
142,60,-28,961,1922,3845,7691,7190,6189,4186,181,0,130,2053,5899,5398,4397,4096,0
143,53,-21,362,724,1449,2898,5796,3400,6800,5409,0,0,105,1554,4452,2056,5456,4096
144,41,-9,2627,5254,2316,4632,1072,2144,4289,386,2051,4678,1740,4096,496,1568,4096,0
145,48,-16,773,1547,3095,6191,4190,188,376,752,0,523,2071,5167,4096,0,0,0
146,60,-28,1504,3008,6017,3842,7685,7179,6167,4143,0,1216,4225,2050,5893,5387,4375,4096
147,61,-29,94,189,378,757,1514,3029,6058,3925,0,0,0,0,0,1173,4202,2069
148,58,-26,7851,7511,6830,5469,2747,5494,2796,5592,6187,5847,5166,4096,1083,4096,1132,4096
149,59,-27,2992,5985,3779,7558,6924,5657,3123,6247,1264,4257,2051,5830,5196,4096,1395,4519
150,51,-19,4302,412,825,1650,3300,6600,5008,1824,4096,0,0,434,2084,5384,4096,608
151,57,-25,3648,7296,6401,4610,1029,2058,4117,43,2048,5696,4801,4096,0,458,4096,0
152,44,-12,86,172,344,688,1376,2753,5507,2822,0,0,0,0,608,1985,4739,2054
153,48,-16,5644,3097,6194,4197,203,407,815,1631,4620,2073,5170,4096,0,0,0,607
154,63,-31,3263,6526,4861,1531,3063,6127,4062,8125,1279,4542,4096,0,1079,4143,2078,6141
155,61,-29,8059,7926,7660,7129,6067,3942,7884,7576,6203,6070,5804,5273,4211,2086,6028,5720
156,51,-19,6960,5729,3266,6532,4873,1555,3110,6221,5744,4513,2050,5316,4096,339,1894,5005
157,53,-21,4250,309,618,1237,2474,4949,1707,3415,4096,0,0,0,1130,4096,363,2071
158,47,-15,6831,5471,2750,5500,2809,5618,3045,6091,5871,4511,1790,4540,1849,4658,2085,5131
159,62,-30,3991,7982,7772,7352,6513,4834,1477,2954,2071,6062,5852,5432,4593,4096,0,1034
160,56,-24,5909,3627,7254,6316,4440,688,1377,2755,4373,2091,5718,4780,4096,0,0,1219
161,48,-16,5510,2828,5657,3122,6244,4296,400,801,4486,1804,4633,2098,5220,4096,0,0
162,50,-18,1602,3204,6409,4627,1062,2125,4251,310,450,2052,5257,4096,0,973,4096,0
163,54,-22,620,1240,2480,4960,1728,3457,6914,5637,0,0,1072,4096,320,2049,5506,4229
164,48,-16,3083,6167,4142,93,187,375,751,1503,2059,5143,4096,0,0,0,0,479
165,63,-31,3007,6015,3839,7679,7167,6142,4093,8186,1023,4096,1855,5695,5183,4158,2109,6202
166,63,-31,8181,8171,8151,8110,8029,7867,7542,6892,6197,6187,6167,6126,6045,5883,5558,4908
167,59,-27,5592,2993,5986,3780,7561,6931,5671,3150,4096,1265,4258,2052,5833,5203,4096,1422
168,59,-27,6301,4411,631,1263,2526,5052,1912,3824,4573,4096,0,0,798,4096,184,2096
169,60,-28,7648,7105,6019,3846,7692,7192,6193,4194,5856,5313,4227,2054,5900,5400,4401,4096
170,49,-17,196,393,787,1575,3150,6300,4409,626,0,0,0,487,2062,5212,4096,0
171,57,-25,1252,2504,5008,1824,3649,7298,6404,4617,0,904,4096,224,2049,5698,4804,4096
172,39,-7,1043,2087,4175,159,319,638,1277,2554,595,1639,4096,0,0,190,829,2106
173,63,-31,5108,2024,4049,8099,8007,7822,7452,6712,4096,40,2065,6115,6023,5838,5468,4728
174,56,-24,5232,2273,4547,903,1806,3612,7224,6257,4096,737,4096,0,270,2076,5688,4721
175,56,-24,4322,452,905,1811,3622,7245,6299,4407,4096,0,0,275,2086,5709,4763,4096
176,55,-23,622,1245,2491,4983,1775,3550,7100,6009,0,0,1019,4096,303,2078,5628,4537
177,60,-28,3826,7652,7113,6034,3876,7753,7315,6438,2034,5860,5321,4242,2084,5961,5523,4646
178,38,-6,4684,1176,2353,4707,1223,2447,4894,1597,4300,792,1969,4323,839,2063,4510,1213
179,61,-29,3194,6388,4584,977,1955,3910,7820,7449,1338,4532,4096,0,99,2054,5964,5593
180,50,-18,6706,5220,2249,4499,806,1613,3227,6455,5554,4096,1097,4096,0,461,2075,5303
181,55,-23,4719,1247,2494,4988,1784,3568,7137,6083,4096,0,1022,4096,312,2096,5665,4611
182,62,-30,3974,7948,7704,7217,6242,4293,395,791,2054,6028,5784,5297,4322,4096,0,0
183,49,-17,1583,3167,6334,4477,763,1527,3055,6110,495,2079,5246,4096,0,439,1967,5022
184,62,-30,4029,8059,7927,7663,7135,6078,3964,7929,2109,6139,6007,5743,5215,4158,2044,6009
185,62,-30,7666,7141,6091,3991,7983,7775,7358,6525,5746,5221,4171,2071,6063,5855,5438,4605
186,62,-30,4859,1527,3055,6110,4028,8057,7923,7654,4096,0,1135,4190,2108,6137,6003,5734
187,60,-28,7117,6043,3895,7791,7391,6590,4988,1785,5325,4251,2103,5999,5599,4798,4096,0
188,62,-30,3571,7142,6093,3995,7991,7791,7391,6590,1651,5222,4173,2075,6071,5871,5471,4670
189,62,-30,4988,1785,3570,7141,6091,3991,7983,7774,4096,0,1650,5221,4171,2071,6063,5854
190,61,-29,7357,6523,4854,1517,3035,6070,3949,7899,5501,4667,4096,0,1179,4214,2093,6043
191,54,-22,7606,7021,5851,3510,7021,5851,3510,7021,6198,5613,4443,2102,5613,4443,2102,5613
192,54,-22,5850,3508,7016,5840,3488,6977,5763,3335,4442,2100,5608,4432,2080,5569,4355,1927
193,40,-8,6670,5149,2106,4212,232,464,929,1858,6158,4637,1594,4096,0,0,417,1346
194,58,-26,3717,7434,6676,5160,2129,4258,324,649,2053,5770,5012,4096,465,4096,0,0
195,40,-8,1299,2599,5199,2207,4414,637,1275,2550,787,2087,4687,1695,4096,125,763,2038
196,62,-30,5101,2011,4022,8045,7898,7604,7016,5841,4096,91,2102,6125,5978,5684,5096,4096
197,54,-22,3491,6983,5775,3358,6717,5242,2293,4586,2083,5575,4367,1950,5309,4096,885,4096
198,61,-29,981,1962,3925,7850,7509,6827,5463,2734,0,106,2069,5994,5653,4971,4096,878
199,56,-24,5468,2744,5489,2786,5573,2955,5910,3628,4096,1208,4096,1250,4096,1419,4374,2092
200,49,-17,7256,6321,4450,708,1417,2835,5671,3151,6168,5233,4096,0,329,1747,4583,2063
201,60,-28,6302,4412,632,1265,2531,5062,1932,3864,4510,4096,0,0,739,4096,140,2072
202,56,-24,7728,7264,6336,4481,770,1540,3081,6162,6192,5728,4800,4096,0,4,1545,4626
203,37,-5,4133,75,150,300,600,1200,2400,4800,4096,0,0,0,280,880,2080,4480
204,48,-16,1408,2816,5633,3075,6151,4111,31,63,384,1792,4609,2051,5127,4096,0,0
205,63,-31,126,252,504,1009,2019,4038,8076,7961,0,0,0,0,35,2054,6092,5977
206,56,-24,7731,7270,6349,4506,821,1643,3287,6574,6195,5734,4813,4096,0,107,1751,5038
207,59,-27,4957,1723,3447,6895,5599,3007,6014,3837,4096,0,1719,5167,4096,1279,4286,2109
208,63,-31,7675,7159,6126,4060,8121,8051,7910,7628,5691,5175,4142,2076,6137,6067,5926,5644
209,57,-25,7065,5939,3687,7374,6557,4923,1655,3310,5465,4339,2087,5774,4957,4096,55,1710
210,59,-27,6621,5050,1909,3818,7636,7080,5968,3745,4893,4096,181,2090,5908,5352,4240,2017
211,53,-21,7490,6788,5384,2576,5153,2114,4228,264,6146,5444,4096,1232,4096,770,4096,0
212,33,-1,528,1057,2114,4228,264,529,1058,2117,464,993,2050,4164,200,465,994,2053
213,34,-2,4235,279,559,1118,2236,4472,753,1507,4107,151,431,990,2108,4344,625,1379
214,60,-28,3015,6030,3869,7739,7286,6381,4571,950,1223,4238,2077,5947,5494,4589,4096,0
215,59,-27,1901,3803,7606,7020,5849,3506,7012,5833,173,2075,5878,5292,4121,1778,5284,4105
216,54,-22,3474,6948,5704,3216,6433,4675,1159,2319,2066,5540,4296,1808,5025,4096,0,911
217,61,-29,4638,1085,2170,4340,489,979,1958,3917,4096,0,314,4096,0,0,102,2061
218,58,-26,7834,7477,6763,5335,2478,4957,1722,3445,6170,5813,5099,4096,814,4096,58,1781
219,58,-26,6890,5588,2985,5970,3749,7498,6805,5419,5226,4096,1321,4306,2085,5834,5141,4096
220,45,-13,2646,5293,2394,4788,1385,2771,5543,2894,1814,4461,1562,4096,553,1939,4711,2062
221,56,-24,5788,3384,6768,5345,2498,4997,1803,3607,4252,1848,5232,4096,962,4096,267,2071
222,48,-16,7215,6239,4286,380,761,1523,3046,6093,6191,5215,4096,0,0,499,2022,5069
223,62,-30,3995,7990,7789,7386,6581,4971,1751,3503,2075,6070,5869,5466,4661,4096,0,1583
224,61,-29,7006,5821,3451,6903,5614,3037,6075,3959,5150,4096,1595,5047,4096,1181,4219,2103
225,59,-27,7918,7645,7098,6005,3819,7638,7085,5978,6190,5917,5370,4277,2091,5910,5357,4250
226,58,-26,3765,7530,6868,5545,2899,5798,3405,6811,2101,5866,5204,4096,1235,4134,1741,5147
227,54,-22,5430,2668,5337,2482,4965,1739,3479,6958,4096,1260,4096,1074,4096,331,2071,5550
228,59,-27,5725,3259,6518,4844,1497,2994,5989,3786,4096,1531,4790,4096,0,1266,4261,2058
229,54,-22,7573,6955,5719,3247,6494,4796,1401,2803,6165,5547,4311,1839,5086,4096,0,1395
230,60,-28,5606,3021,6042,3893,7787,7382,6573,4955,4096,1229,4250,2101,5995,5590,4781,4096
231,54,-22,1718,3437,6875,5558,2925,5850,3509,7018,310,2029,5467,4150,1517,4442,2101,5610
232,54,-22,5845,3499,6998,5805,3419,6839,5487,2783,4437,2091,5590,4397,2011,5431,4096,1375
233,63,-31,5567,2942,5885,3578,7156,6121,4050,8101,4096,958,4096,1594,5172,4137,2066,6117
234,61,-29,8010,7828,7465,6738,5285,2379,4758,1325,6154,5972,5609,4882,4096,523,4096,0
235,54,-22,2651,5302,2413,4826,1461,2922,5845,3499,1243,4096,1005,4096,53,1514,4437,2091
236,53,-21,6998,5804,3416,6832,5473,2755,5511,2831,5654,4460,2072,5488,4129,1411,4167,1487
237,61,-29,5662,3133,6267,4343,494,989,1978,3956,4096,1277,4411,4096,0,0,122,2100
238,59,-27,7913,7635,7078,5965,3739,7478,6765,5338,6185,5907,5350,4237,2011,5750,5037,4096
239,54,-22,2484,4968,1744,3489,6979,5767,3343,6686,1076,4096,336,2081,5571,4359,1935,5278
240,60,-28,5180,2169,4339,487,975,1951,3902,7805,4096,377,4096,0,0,159,2110,6013
241,62,-30,7419,6646,5101,2010,4020,8041,7891,7590,5499,4726,4096,90,2100,6121,5971,5670
242,52,-20,6988,5784,3377,6755,5318,2445,4890,1588,5708,4504,2097,5475,4096,1165,4096,308
243,52,-20,3177,6354,4516,840,1681,3363,6726,5261,1897,5074,4096,0,401,2083,5446,4096
244,52,-20,2330,4660,1129,2259,4518,844,1688,3377,1050,4096,0,979,4096,0,408,2097
245,49,-17,6755,5319,2447,4895,1598,3196,6392,4592,5667,4231,1359,4096,510,2108,5304,4096
246,62,-30,992,1984,3968,7936,7680,7168,6144,4096,0,64,2048,6016,5760,5248,4224,4096
247,1,31,0,1,3,6,12,24,49,99,1984,1985,1987,1990,1996,2008,2033,2083
248,49,-17,199,399,799,1599,3198,6397,4603,1015,0,0,0,511,2110,5309,4096,0
249,63,-31,2031,4063,8127,8063,7934,7677,7163,6135,47,2079,6143,6079,5950,5693,5179,4151
250,63,-31,4079,8158,8125,8059,7927,7663,7135,6079,2095,6174,6141,6075,5943,5679,5151,4096
251,63,-31,3967,7934,7676,7161,6130,4068,8136,8080,1983,5950,5692,5177,4146,2084,6152,6096
252,60,-28,7968,7744,7297,6403,4615,1038,2077,4154,6176,5952,5505,4611,4096,0,285,4096
253,58,-26,117,235,470,941,1882,3765,7531,6871,0,0,0,0,218,2101,5867,5207
254,53,-21,5551,2911,5823,3455,6911,5631,3071,6143,4207,1567,4479,2111,5567,4287,1727,4799
255,63,-31,4094,8188,8185,8178,8164,8136,8081,7970,2110,6204,6201,6194,6180,6152,6097,5986
256,57,-25,7749,7306,6420,4648,1104,2209,4419,647,6149,5706,4820,4096,0,609,4096,0
257,40,-8,1294,2589,5178,2165,4330,469,938,1876,782,2077,4666,1653,4096,0,426,1364
258,58,-26,3752,7505,6818,5444,2696,5393,2595,5191,2088,5841,5154,4096,1032,4096,931,4096
259,35,-3,2190,4381,570,1140,2281,4562,932,1865,1998,4189,378,948,2089,4370,740,1673
260,58,-26,3730,7460,6728,5265,2339,4679,1167,2334,2066,5796,5064,4096,675,4096,0,670
261,61,-29,4669,1146,2293,4587,983,1966,3933,7866,4096,0,437,4096,0,110,2077,6010
262,58,-26,7541,6890,5588,2984,5968,3744,7489,6786,5877,5226,4096,1320,4304,2080,5825,5122
263,40,-8,5381,2571,5143,2095,4190,189,378,756,4869,2059,4631,1583,4096,0,0,244
264,61,-29,1513,3026,6052,3913,7827,7463,6734,5277,0,1170,4196,2057,5971,5607,4878,4096
265,58,-26,2362,4725,1258,2516,5032,1872,3744,7489,698,4096,0,852,4096,208,2080,5825
266,42,-10,6787,5383,2574,5148,2104,4208,224,448,6147,4743,1934,4508,1464,4096,0,0
267,56,-24,897,1795,3590,7181,6171,4150,109,218,0,259,2054,5645,4635,4096,0,0
268,54,-22,436,872,1744,3489,6978,5765,3338,6677,0,0,336,2081,5570,4357,1930,5269
269,43,-11,5163,2135,4270,349,699,1398,2796,5592,4459,1431,4096,0,0,694,2092,4888
270,59,-27,2993,5987,3783,7566,6940,5688,3184,6368,1265,4259,2055,5838,5212,4096,1456,4640
271,56,-24,4545,899,1798,3597,7194,6196,4200,209,4096,0,262,2061,5658,4660,4096,0
272,52,-20,419,839,1679,3359,6718,5244,2297,4595,0,0,399,2079,5438,4096,1017,4096
273,62,-30,998,1996,3992,7985,7778,7365,6538,4884,0,76,2072,6065,5858,5445,4618,4096
274,49,-17,1577,3155,6311,4430,669,1338,2676,5353,489,2067,5223,4096,0,250,1588,4265
275,58,-26,2515,5030,1869,3738,7476,6761,5331,2471,851,4096,205,2074,5812,5097,4096,807
276,52,-20,4943,1694,3388,6776,5360,2528,5056,1920,4096,414,2108,5496,4096,1248,4096,640
277,60,-28,3841,7683,7175,6159,4126,61,122,245,2049,5891,5383,4367,4096,0,0,0
278,61,-29,491,983,1967,3935,7870,7548,6905,5618,0,0,111,2079,6014,5692,5049,4096
279,62,-30,3044,6088,3985,7971,7750,7308,6424,4656,1124,4168,2065,6051,5830,5388,4504,4096
280,48,-16,1120,2241,4483,775,1550,3100,6201,4210,96,1217,4096,0,526,2076,5177,4096
281,57,-25,229,459,919,1839,3679,7359,6526,4860,0,0,0,239,2079,5759,4926,4096
282,63,-31,1528,3056,6113,4034,8069,7947,7703,7215,0,1072,4129,2050,6085,5963,5719,5231
283,63,-31,6239,4287,383,767,1535,3070,6140,4089,4255,4096,0,0,0,1086,4156,2105
284,63,-31,8178,8165,8139,8086,7981,7771,7351,6510,6194,6181,6155,6102,5997,5787,5367,4526
285,58,-26,4829,1466,2933,5867,3542,7085,5978,3764,4096,0,1269,4203,1878,5421,4314,2100
286,53,-21,7529,6866,5541,2891,5783,3374,6748,5304,6185,5522,4197,1547,4439,2030,5404,4096
287,56,-24,2416,4833,1475,2950,5901,3611,7223,6255,880,4096,0,1414,4365,2075,5687,4719
288,62,-30,4319,446,892,1785,3570,7140,6088,3984,4096,0,0,0,1650,5220,4168,2064
289,60,-28,7968,7745,7299,6407,4622,1052,2104,4209,6176,5953,5507,4615,4096,0,312,4096
290,56,-24,227,454,909,1819,3638,7276,6361,4531,0,0,0,283,2102,5740,4825,4096
291,54,-22,870,1741,3482,6965,5738,3284,6569,4947,0,333,2074,5557,4330,1876,5161,4096
292,53,-21,1702,3404,6808,5425,2659,5319,2447,4894,358,2060,5464,4096,1315,4096,1103,4096
293,60,-28,1596,3192,6385,4578,964,1929,3859,7718,0,1400,4593,4096,0,137,2067,5926
294,49,-17,7244,6297,4402,612,1225,2450,4900,1609,6156,5209,4096,0,137,1362,4096,521
295,50,-18,3219,6438,4684,1176,2353,4707,1223,2447,2067,5286,4096,24,1201,4096,71,1295
296,62,-30,4895,1598,3197,6395,4598,1004,2009,4018,4096,0,1277,4475,4096,0,89,2098
297,61,-29,8037,7883,7574,6957,5723,3254,6509,4827,6181,6027,5718,5101,4096,1398,4653,4096
298,54,-22,1462,2924,5849,3506,7013,5834,3476,6953,54,1516,4441,2098,5605,4426,2068,5545
299,50,-18,5715,3239,6478,4765,1339,2679,5358,2525,4563,2087,5326,4096,187,1527,4206,1373
300,59,-27,5050,1908,3816,7633,7074,5956,3721,7443,4096,180,2088,5905,5346,4228,1993,5715
301,40,-8,6694,5196,2201,4402,612,1225,2451,4902,6182,4684,1689,4096,100,713,1939,4390
302,50,-18,1613,3226,6453,4714,1236,2473,4947,1703,461,2074,5301,4096,84,1321,4096,551
303,53,-21,3407,6814,5437,2682,5365,2539,5078,1964,2063,5470,4096,1338,4096,1195,4096,620
304,61,-29,3929,7859,7526,6861,5530,2869,5739,3287,2073,6003,5670,5005,4096,1013,4096,1431
305,53,-21,6575,4958,1724,3449,6898,5605,3019,6038,5231,4096,380,2105,5554,4261,1675,4694
306,60,-28,3885,7771,7350,6508,4824,1457,2915,5830,2093,5979,5558,4716,4096,0,1123,4096
307,54,-22,3468,6937,5682,3172,6344,4496,801,1603,2060,5529,4274,1764,4936,4096,0,195
308,50,-18,3207,6414,4637,1083,2167,4335,478,957,2055,5262,4096,0,1015,4096,0,0
309,61,-29,1914,3829,7659,7126,6060,3929,7858,7524,58,1973,5803,5270,4204,2073,6002,5668
310,50,-18,6857,5522,2853,5707,3223,6446,4701,1211,5705,4370,1701,4555,2071,5294,4096,59
311,59,-27,2423,4846,1500,3001,6003,3815,7631,7070,695,4096,0,1273,4275,2087,5903,5342
312,61,-29,5949,3707,7415,6638,5084,1977,3954,7908,4096,1851,5559,4782,4096,121,2098,6052
313,57,-25,7625,7059,5926,3661,7322,6453,4714,1237,6025,5459,4326,2061,5722,4853,4096,0
314,53,-21,2474,4948,1704,3408,6816,5440,2688,5376,1130,4096,360,2064,5472,4096,1344,4096
315,40,-8,2560,5120,2048,4096,1,2,5,10,2048,4608,1536,4096,0,0,0,0
316,40,-8,20,40,81,162,325,651,1302,2605,0,0,0,0,0,139,790,2093
317,52,-20,5210,2228,4456,721,1443,2887,5774,3356,4096,948,4096,0,163,1607,4494,2076
318,56,-24,6712,5232,2273,4547,903,1806,3613,7227,5176,4096,737,4096,0,270,2077,5691
319,59,-27,6263,4334,476,953,1906,3812,7625,7059,4535,4096,0,0,178,2084,5897,5331
320,57,-25,5926,3660,7320,6449,4706,1220,2440,4881,4326,2060,5720,4849,4096,0,840,4096
321,49,-17,1570,3140,6281,4370,549,1099,2199,4398,482,2052,5193,4096,0,11,1111,4096
322,58,-26,605,1210,2420,4841,1491,2983,5967,3743,0,0,756,4096,0,1319,4303,2079
323,63,-31,7487,6783,5374,2556,5112,2033,4066,8132,5503,4799,4096,572,4096,49,2082,6148
324,62,-30,8073,7955,7719,7246,6300,4408,625,1250,6153,6035,5799,5326,4380,4096,0,0
325,56,-24,2501,5002,1813,3626,7253,6315,4438,684,965,4096,277,2090,5717,4779,4096,0
326,51,-19,1369,2739,5478,2765,5530,2868,5736,3280,153,1523,4262,1549,4314,1652,4520,2064
327,52,-20,6560,4929,1667,3334,6668,5145,2098,4197,5280,4096,387,2054,5388,4096,818,4096
328,50,-18,203,407,814,1628,3256,6512,4832,1473,0,0,0,476,2104,5360,4096,321
329,56,-24,2946,5892,3593,7187,6183,4175,158,316,1410,4356,2057,5651,4647,4096,0,0
330,60,-28,632,1265,2531,5062,1933,3866,7732,7273,0,0,739,4096,141,2074,5940,5481
331,52,-20,6355,4519,847,1694,3389,6779,5366,2540,5075,4096,0,414,2109,5499,4096,1260
332,61,-29,5080,1968,3937,7874,7557,6923,5654,3117,4096,112,2081,6018,5701,5067,4096,1261
333,53,-21,6234,4277,363,727,1455,2910,5820,3449,4890,4096,0,0,111,1566,4476,2105
334,60,-28,6898,5604,3016,6033,3874,7749,7307,6423,5106,4096,1224,4241,2082,5957,5515,4631
335,46,-14,4654,1116,2232,4465,738,1477,2955,5911,4096,220,1336,4096,0,581,2059,5015
336,56,-24,3631,7263,6334,4477,762,1525,3051,6103,2095,5727,4798,4096,0,0,1515,4567
337,62,-30,4014,8029,7866,7541,6891,5591,2990,5980,2094,6109,5946,5621,4971,4096,1070,4096
338,58,-26,3768,7537,6883,5574,2956,5912,3632,7264,2104,5873,5219,4096,1292,4248,1968,5600
339,48,-16,6336,4481,771,1542,3084,6168,4145,99,5312,4096,0,518,2060,5144,4096,0
340,49,-17,199,398,796,1592,3184,6369,4546,901,0,0,0,504,2096,5281,4096,0
341,56,-24,1802,3604,7208,6225,4258,324,648,1297,266,2068,5672,4689,4096,0,0,0
342,40,-8,2594,5188,2185,4371,551,1103,2207,4414,2082,4676,1673,4096,39,591,1695,4096
343,62,-30,637,1274,2548,5097,2003,4007,8015,7839,0,0,628,4096,83,2087,6095,5919
344,63,-31,7487,6783,5374,2557,5115,2038,4077,8154,5503,4799,4096,573,4096,54,2093,6170
345,62,-30,8116,8041,7890,7589,6986,5781,3370,6740,6196,6121,5970,5669,5066,4096,1450,4820
346,42,-10,5288,2385,4771,1350,2701,5403,2614,5228,4648,1745,4131,710,2061,4763,1974,4588
347,54,-22,2265,4530,868,1737,3475,6951,5711,3230,857,4096,0,329,2067,5543,4303,1822
348,60,-28,6460,4728,1264,2528,5057,1923,3847,7695,4668,4096,0,736,4096,131,2055,5903
349,63,-31,7199,6207,4223,254,509,1018,2036,4072,5215,4223,4096,0,0,0,52,2088
350,63,-31,8144,8096,8000,7809,7427,6663,5134,2077,6160,6112,6016,5825,5443,4679,4096,93
351,58,-26,4154,117,234,469,939,1878,3757,7514,4096,0,0,0,0,214,2093,5850
352,52,-20,6836,5480,2769,5539,2887,5775,3359,6719,5556,4200,1489,4259,1607,4495,2079,5439
353,63,-31,5247,2302,4605,1018,2036,4073,8147,8103,4096,318,4096,0,52,2089,6163,6119
354,61,-29,8014,7836,7481,6770,5349,2506,5013,1834,6158,5980,5625,4914,4096,650,4096,0
355,57,-25,3668,7336,6481,4771,1350,2700,5400,2608,2068,5736,4881,4096,0,1100,4096,1008
356,48,-16,5217,2243,4487,782,1565,3131,6263,4335,4193,1219,4096,0,541,2107,5239,4096
357,61,-29,478,957,1915,3830,7660,7129,6066,3940,0,0,59,1974,5804,5273,4210,2084
358,59,-27,7881,7570,6948,5704,3217,6435,4678,1164,6153,5842,5220,4096,1489,4707,4096,0
359,51,-19,2329,4659,1126,2253,4506,820,1640,3281,1113,4096,0,1037,4096,0,424,2065
360,52,-20,6563,4935,1679,3359,6719,5247,2302,4604,5283,4096,399,2079,5439,4096,1022,4096
361,63,-31,1016,2033,4067,8135,8078,7964,7737,7282,0,49,2083,6151,6094,5980,5753,5298
362,57,-25,6372,4553,915,1830,3660,7320,6449,4706,4772,4096,0,230,2060,5720,4849,4096
363,49,-17,1221,2443,4887,1582,3165,6331,4470,749,133,1355,4096,494,2077,5243,4096,0
364,59,-27,1499,2998,5996,3801,7603,7015,5838,3484,0,1270,4268,2073,5875,5287,4110,1756
365,57,-25,6969,5746,3300,6601,5010,1829,3659,7319,5369,4146,1700,5001,4096,229,2059,5719
366,47,-15,6447,4703,1214,2428,4856,1521,3043,6086,5487,4096,254,1468,4096,561,2083,5126
367,62,-30,3980,7960,7728,7265,6338,4484,777,1554,2060,6040,5808,5345,4418,4096,0,0
368,48,-16,3108,6217,4243,294,589,1179,2359,4719,2084,5193,4096,0,0,155,1335,4096
369,62,-30,1247,2494,4989,1787,3575,7151,6111,4031,0,574,4096,0,1655,5231,4191,2111
370,63,-31,8063,7934,7677,7163,6135,4079,8159,8127,6079,5950,5693,5179,4151,2095,6175,6143
371,63,-31,8063,7934,7676,7160,6129,4066,8133,8075,6079,5950,5692,5176,4145,2082,6149,6091
372,60,-28,7959,7726,7261,6330,4469,747,1494,2988,6167,5934,5469,4538,4096,0,0,1196
373,58,-26,5976,3761,7523,6854,5517,2843,5686,3180,4312,2097,5859,5190,4096,1179,4096,1516
374,54,-22,6361,4531,870,1740,3480,6960,5728,3265,4953,4096,0,332,2072,5552,4320,1857
375,48,-16,6531,4870,1548,3097,6194,4197,202,405,5507,4096,524,2073,5170,4096,0,0
376,50,-18,811,1622,3245,6490,4788,1385,2770,5540,0,470,2093,5338,4096,233,1618,4388
377,52,-20,2888,5777,3362,6725,5258,2325,4650,1109,1608,4497,2082,5445,4096,1045,4096,0
378,42,-10,2218,4437,683,1367,2734,5468,2745,5490,1578,4096,43,727,2094,4828,2105,4850
379,57,-25,2789,5579,2966,5933,3675,7351,6510,4829,1189,4096,1366,4333,2075,5751,4910,4096
380,58,-26,1466,2932,5865,3538,7077,5963,3734,7468,0,1268,4201,1874,5413,4299,2070,5804
381,51,-19,6745,5299,2406,4812,1433,2866,5732,3272,5529,4096,1190,4096,217,1650,4516,2056
382,50,-18,6544,4896,1600,3200,6400,4609,1026,2053,5392,4096,448,2048,5248,4096,0,901
383,23,9,4107,23,47,94,188,377,754,1509,4683,599,623,670,764,953,1330,2085
384,60,-28,3019,6038,3885,7771,7351,6511,4830,1469,1227,4246,2093,5979,5559,4719,4096,0
385,61,-29,2938,5876,3560,7121,6050,3908,7817,7442,1082,4096,1704,5265,4194,2052,5961,5586
386,40,-8,6692,5192,2192,4385,579,1158,2316,4633,6180,4680,1680,4096,67,646,1804,4121
387,51,-19,1075,2150,4301,410,821,1643,3286,6572,0,934,4096,0,0,427,2070,5356
388,53,-21,4953,1714,3428,6857,5523,2855,5710,3228,4096,370,2084,5513,4179,1511,4366,1884
389,56,-24,6456,4721,1250,2500,5000,1809,3619,7238,4920,4096,0,964,4096,273,2083,5702
390,35,-3,6284,4376,561,1123,2247,4494,796,1593,6092,4184,369,931,2055,4302,604,1401
391,57,-25,3186,6372,4552,913,1826,3652,7304,6417,1586,4772,4096,0,226,2052,5704,4817
392,34,-2,4642,1093,2187,4374,557,1114,2229,4459,4514,965,2059,4246,429,986,2101,4331
393,53,-21,727,1454,2908,5816,3440,6880,5569,2947,0,110,1564,4472,2096,5536,4225,1603
394,56,-24,5894,3596,7193,6194,4196,201,403,806,4358,2060,5657,4658,4096,0,0,0
395,50,-18,1612,3224,6449,4706,1220,2441,4882,1572,460,2072,5297,4096,68,1289,4096,420
396,49,-17,3144,6289,4386,581,1163,2327,4655,1119,2056,5201,4096,0,75,1239,4096,31
397,62,-30,2238,4477,763,1527,3055,6110,4028,8057,318,4096,0,0,1135,4190,2108,6137
398,60,-28,7922,7653,7114,6036,3880,7761,7330,6468,6130,5861,5322,4244,2088,5969,5538,4676
399,40,-8,4744,1297,2595,5191,2191,4382,573,1146,4232,785,2083,4679,1679,4096,61,634
400,61,-29,2292,4584,977,1954,3908,7816,7441,6691,436,4096,0,98,2052,5960,5585,4835
401,35,-3,5190,2188,4377,563,1127,2254,4509,827,4998,1996,4185,371,935,2062,4317,635
402,59,-27,1655,3310,6620,5048,1905,3810,7621,7051,0,1582,4892,4096,177,2082,5893,5323
403,56,-24,5911,3631,7263,6335,4478,764,1529,3059,4375,2095,5727,4799,4096,0,0,1523
404,63,-31,6119,4047,8094,7997,7802,7412,6632,5073,4135,2063,6110,6013,5818,5428,4648,4096
405,61,-29,1955,3910,7821,7450,6709,5226,2261,4523,99,2054,5965,5594,4853,4096,405,4096
406,53,-21,854,1708,3416,6832,5472,2753,5507,2822,0,364,2072,5488,4128,1409,4163,1478
407,48,-16,5644,3096,6193,4194,197,394,789,1578,4620,2072,5169,4096,0,0,0,554
408,49,-17,3157,6314,4436,681,1362,2724,5448,2705,2069,5226,4096,0,274,1636,4360,1617
409,41,-9,5410,2629,5258,2324,4648,1104,2209,4418,4834,2053,4682,1748,4096,528,1633,4096
410,40,-8,644,1288,2577,5155,2119,4239,286,573,132,776,2065,4643,1607,4096,0,61
411,61,-29,1147,2295,4591,990,1980,3961,7922,7652,0,439,4096,0,124,2105,6066,5796
412,60,-28,7113,6035,3878,7756,7321,6451,4710,1228,5321,4243,2086,5964,5529,4659,4096,0
413,51,-19,2457,4915,1639,3279,6558,4924,1656,3313,1241,4096,423,2063,5342,4096,440,2097
414,60,-28,6626,5061,1930,3861,7722,7252,6313,4435,4834,4096,138,2069,5930,5460,4521,4096
415,42,-10,679,1359,2718,5436,2680,5361,2530,5060,39,719,2078,4796,2040,4721,1890,4420
416,60,-28,1928,3856,7712,7232,6273,4355,518,1036,136,2064,5920,5440,4481,4096,0,0
417,51,-19,2073,4147,103,207,415,831,1663,3326,857,4096,0,0,0,0,447,2110
418,63,-31,6653,5114,2037,4075,8150,8109,8026,7860,4669,4096,53,2091,6166,6125,6042,5876
419,53,-21,7529,6866,5540,2889,5779,3367,6735,5279,6185,5522,4196,1545,4435,2023,5391,4096
420,63,-31,2367,4735,1279,2559,5118,2044,4089,8179,383,4096,0,575,4096,60,2105,6195
421,63,-31,8166,8141,8090,7989,7786,7380,6568,4944,6182,6157,6106,6005,5802,5396,4584,4096
422,53,-21,1697,3394,6789,5387,2583,5166,2140,4281,353,2050,5445,4096,1239,4096,796,4096
423,57,-25,371,743,1486,2972,5944,3696,7393,6595,0,0,0,1372,4344,2096,5793,4995
424,56,-24,4999,1806,3612,7225,6259,4326,461,922,4096,270,2076,5689,4723,4096,0,0
425,57,-25,1844,3688,7377,6562,4933,1674,3348,6697,244,2088,5777,4962,4096,74,1748,5097
426,41,-9,5202,2213,4426,660,1320,2641,5282,2372,4626,1637,4096,84,744,2065,4706,1796
427,40,-8,4745,1299,2599,5198,2204,4408,625,1250,4233,787,2087,4686,1692,4096,113,738
428,56,-24,2501,5003,1815,3631,7263,6335,4479,767,965,4096,279,2095,5727,4799,4096,0
429,63,-31,1534,3069,6138,4084,8169,8147,8103,8014,0,1085,4154,2100,6185,6163,6119,6030
430,58,-26,7836,7481,6771,5350,2508,5017,1842,3684,6172,5817,5107,4096,844,4096,178,2020
431,51,-19,7368,6544,4896,1601,3202,6404,4617,1042,6152,5328,4096,385,1986,5188,4096,0
432,36,-4,2084,4169,147,294,589,1178,2356,4712,1828,4096,0,38,333,922,2100,4456
433,52,-20,1233,2466,4933,1674,3348,6697,5202,2213,0,1186,4096,394,2068,5417,4096,933
434,41,-9,4427,662,1324,2648,5297,2402,4805,1418,4096,86,748,2072,4721,1826,4229,842
435,49,-17,2836,5672,3153,6306,4421,651,1302,2605,1748,4584,2065,5218,4096,0,214,1517
436,52,-20,5210,2228,4457,722,1444,2889,5778,3365,4096,948,4096,0,164,1609,4498,2085
437,41,-9,6730,5269,2347,4694,1196,2393,4787,1383,6154,4693,1771,4118,620,1817,4211,807
438,51,-19,2766,5533,2874,5748,3305,6610,5028,1864,1550,4317,1658,4532,2089,5394,4096,648
439,58,-26,3729,7459,6727,5263,2335,4670,1149,2299,2065,5795,5063,4096,671,4096,0,635
440,62,-30,4599,1006,2012,4025,8050,7909,7627,7062,4096,0,92,2105,6130,5989,5707,5142
441,57,-25,5933,3674,7349,6507,4822,1452,2904,5808,4333,2074,5749,4907,4096,0,1304,4208
442,53,-21,3425,6851,5511,2830,5661,3130,6260,4328,2081,5507,4167,1486,4317,1786,4916,4096
443,58,-26,465,931,1863,3726,7453,6715,5238,2284,0,0,199,2062,5789,5051,4096,620
444,59,-27,4568,945,1891,3783,7566,6940,5688,3185,4096,0,163,2055,5838,5212,4096,1457
445,56,-24,6371,4550,909,1818,3637,7275,6359,4527,4835,4096,0,282,2101,5739,4823,4096
446,60,-28,862,1724,3448,6897,5602,3013,6027,3863,0,0,1656,5105,4096,1221,4235,2071
447,56,-24,7726,7261,6330,4469,746,1493,2986,5973,6190,5725,4794,4096,0,0,1450,4437
448,58,-26,3754,7508,6824,5456,2721,5442,2693,5386,2090,5844,5160,4096,1057,4096,1029,4096
449,41,-9,2580,5161,2130,4260,328,656,1313,2627,2004,4585,1554,4096,0,80,737,2051
450,36,-4,5254,2316,4632,1072,2144,4288,385,770,4998,2060,4376,816,1888,4096,129,514
451,48,-16,1541,3082,6164,4137,82,164,328,656,517,2058,5140,4096,0,0,0,0
452,41,-9,1312,2624,5248,2304,4608,1025,2050,4101,736,2048,4672,1728,4096,449,1474,4096
453,23,9,11,23,46,93,186,373,747,1495,587,599,622,669,762,949,1323,2071
454,58,-26,2990,5980,3768,7536,6880,5568,2945,5891,1326,4316,2104,5872,5216,4096,1281,4227
455,56,-24,3591,7182,6173,4155,118,236,473,946,2055,5646,4637,4096,0,0,0,0
456,59,-27,1893,3786,7573,6954,5716,3240,6480,4769,165,2058,5845,5226,4096,1512,4752,4096
457,42,-10,1346,2692,5384,2577,5154,2117,4235,279,706,2052,4744,1937,4514,1477,4096,0
458,47,-15,559,1119,2238,4477,762,1525,3051,6103,0,159,1278,4096,0,565,2091,5143
459,62,-30,4014,8029,7866,7540,6888,5585,2978,5957,2094,6109,5946,5620,4968,4096,1058,4096
460,58,-26,3722,7444,6697,5202,2212,4425,658,1317,2058,5780,5033,4096,548,4096,0,0
461,41,-9,2635,5271,2350,4701,1210,2421,4842,1493,2059,4695,1774,4125,634,1845,4266,917
462,58,-26,2986,5972,3752,7504,6816,5440,2689,5378,1322,4308,2088,5840,5152,4096,1025,4096
463,40,-8,2564,5129,2067,4135,78,157,314,629,2052,4617,1555,4096,0,0,0,117
464,58,-26,1259,2519,5039,1887,3774,7549,6907,5623,0,855,4096,223,2110,5885,5243,4096
465,62,-30,3055,6111,4030,8060,7929,7666,7141,6091,1135,4191,2110,6140,6009,5746,5221,4171
466,62,-30,3991,7983,7774,7356,6520,4849,1507,3015,2071,6063,5854,5436,4600,4096,0,1095
467,60,-28,6031,3870,7740,7288,6385,4579,967,1934,4239,2078,5948,5496,4593,4096,0,142
468,60,-28,3868,7737,7283,6375,4559,926,1853,3707,2076,5945,5491,4583,4096,0,61,1915
469,61,-29,7415,6639,5086,1980,3960,7921,7651,7111,5559,4783,4096,124,2104,6065,5795,5255
470,60,-28,6031,3871,7743,7295,6399,4607,1023,2046,4239,2079,5951,5503,4607,4096,0,254
471,63,-31,4093,8186,8180,8168,8144,8096,8000,7809,2109,6202,6196,6184,6160,6112,6016,5825
472,52,-20,7427,6663,5135,2078,4157,122,245,491,6147,5383,4096,798,4096,0,0,0
473,61,-29,982,1965,3930,7860,7529,6866,5541,2890,0,109,2074,6004,5673,5010,4096,1034
474,52,-20,5780,3369,6738,5284,2377,4755,1318,2636,4500,2089,5458,4096,1097,4096,38,1356
475,48,-16,5272,2352,4705,1219,2439,4879,1566,3133,4248,1328,4096,195,1415,4096,542,2109
476,61,-29,6266,4340,488,976,1952,3904,7809,7427,4410,4096,0,0,96,2048,5953,5571
477,40,-8,6662,5132,2073,4146,100,200,401,803,6150,4620,1561,4096,0,0,0,291
478,50,-18,1607,3214,6428,4665,1138,2277,4555,918,455,2062,5276,4096,0,1125,4096,0
479,57,-25,1837,3675,7351,6511,4830,1469,2939,5879,237,2075,5751,4911,4096,0,1339,4279
480,61,-29,3567,7134,6077,3963,7927,7663,7134,6076,1711,5278,4221,2107,6071,5807,5278,4220
481,61,-29,3960,7921,7650,7108,6025,3859,7718,7245,2104,6065,5794,5252,4169,2003,5862,5389
482,55,-23,6299,4407,622,1245,2490,4981,1771,3542,4827,4096,0,0,1018,4096,299,2070
483,58,-26,7085,5979,3766,7533,6875,5559,2927,5854,5421,4315,2102,5869,5211,4096,1263,4190
484,60,-28,3516,7032,5872,3552,7105,6019,3847,7695,1724,5240,4096,1760,5313,4227,2055,5903
485,61,-29,7198,6205,4219,247,494,988,1977,3955,5342,4349,4096,0,0,0,121,2099
486,59,-27,7911,7630,7068,5944,3697,7394,6596,5000,6183,5902,5340,4216,1969,5666,4868,4096
487,56,-24,1809,3618,7236,6280,4368,544,1089,2178,273,2082,5700,4744,4096,0,0,642
488,32,0,4356,521,1043,2086,4173,155,310,620,4356,521,1043,2086,4173,155,310,620
489,54,-22,1240,2481,4963,1735,3470,6941,5691,3191,0,1073,4096,327,2062,5533,4283,1783
490,59,-27,6383,4574,957,1915,3830,7661,7131,6071,4655,4096,0,187,2102,5933,5403,4343
491,61,-29,3950,7901,7610,7028,5864,3536,7073,5954,2094,6045,5754,5172,4096,1680,5217,4098
492,58,-26,3716,7432,6673,5154,2117,4235,279,558,2052,5768,5009,4096,453,4096,0,0
493,56,-24,1116,2232,4465,739,1479,2958,5916,3640,0,696,4096,0,0,1422,4380,2104
494,56,-24,7281,6371,4551,911,1823,3647,7295,6399,5745,4835,4096,0,287,2111,5759,4863
495,63,-31,4607,1023,2047,4095,8191,8190,8188,8184,4096,0,63,2111,6207,6206,6204,6200
496,63,-31,8177,8162,8133,8075,7959,7727,7262,6332,6193,6178,6149,6091,5975,5743,5278,4348
497,60,-28,4473,754,1509,3019,6038,3884,7769,7346,4096,0,0,1227,4246,2092,5977,5554
498,50,-18,6501,4811,1430,2860,5721,3250,6501,4810,5349,4096,278,1708,4569,2098,5349,4096
499,50,-18,1429,2859,5718,3245,6490,4789,1386,2773,277,1707,4566,2093,5338,4096,234,1621
500,53,-21,5547,2903,5807,3423,6846,5500,2809,5618,4203,1559,4463,2079,5502,4156,1465,4274
501,62,-30,3044,6088,3984,7969,7746,7301,6411,4631,1124,4168,2064,6049,5826,5381,4491,4096
502,47,-15,1071,2142,4285,378,756,1513,3027,6055,111,1182,4096,0,0,553,2067,5095
503,61,-29,3918,7837,7483,6775,5359,2527,5054,1916,2062,5981,5627,4919,4096,671,4096,60
504,62,-30,3833,7667,7143,6094,3996,7993,7795,7398,1913,5747,5223,4174,2076,6073,5875,5478
505,57,-25,6604,5016,1840,3680,7361,6531,4871,1550,5004,4096,240,2080,5761,4931,4096,0
506,58,-26,3101,6202,4213,234,469,938,1877,3755,1437,4538,4096,0,0,0,213,2091
507,53,-21,7511,6831,5471,2750,5501,2810,5621,3051,6167,5487,4127,1406,4157,1466,4277,1707
508,62,-30,6103,4015,8030,7868,7545,6898,5605,3019,4183,2095,6110,5948,5625,4978,4096,1099
509,60,-28,6039,3886,7772,7352,6512,4832,1472,2945,4247,2094,5980,5560,4720,4096,0,1153
510,56,-24,5891,3590,7181,6171,4150,108,216,432,4355,2054,5645,4635,4096,0,0,0
511,54,-22,865,1730,3461,6923,5654,3116,6232,4273,0,322,2053,5515,4246,1708,4824,4096
512,49,-17,354,708,1416,2832,5665,3138,6277,4362,0,0,328,1744,4577,2050,5189,4096
513,42,-10,533,1066,2133,4267,342,685,1370,2740,0,426,1493,4096,0,45,730,2100
514,52,-20,5480,2769,5538,2884,5768,3345,6691,5190,4200,1489,4258,1604,4488,2065,5411,4096
515,35,-3,2188,4376,560,1121,2242,4485,778,1556,1996,4184,368,929,2050,4293,586,1364
516,48,-16,3113,6226,4261,330,660,1320,2641,5282,2089,5202,4096,0,0,296,1617,4258
517,40,-8,2372,4744,1297,2595,5191,2191,4382,573,1860,4232,785,2083,4679,1679,4096,61
518,61,-29,1147,2294,4589,986,1973,3946,7893,7595,0,438,4096,0,117,2090,6037,5739
519,53,-21,6999,5806,3421,6842,5492,2793,5587,2982,5655,4462,2077,5498,4148,1449,4243,1638
520,58,-26,5965,3738,7477,6762,5333,2474,4949,1707,4301,2074,5813,5098,4096,810,4096,43
521,53,-21,3415,6830,5469,2746,5493,2795,5591,2991,2071,5486,4125,1402,4149,1451,4247,1647
522,61,-29,5982,3773,7546,6900,5608,3024,6048,3905,4126,1917,5690,5044,4096,1168,4192,2049
523,58,-26,7811,7430,6669,5147,2103,4206,221,443,6147,5766,5005,4096,439,4096,0,0
524,59,-27,886,1773,3547,7095,5998,3804,7609,7027,0,45,1819,5367,4270,2076,5881,5299
525,57,-25,5863,3534,7068,5944,3697,7395,6598,5004,4263,1934,5468,4344,2097,5795,4998,4096
526,56,-24,1817,3635,7271,6350,4508,825,1651,3302,281,2099,5735,4814,4096,0,115,1766
527,57,-25,6605,5018,1844,3689,7379,6567,4942,1692,5005,4096,244,2089,5779,4967,4096,92
528,56,-24,3384,6769,5347,2502,5005,1819,3638,7277,1848,5233,4096,966,4096,283,2102,5741
529,54,-22,6363,4534,877,1754,3509,7018,5844,3496,4955,4096,0,346,2101,5610,4436,2088
530,53,-21,6993,5795,3398,6796,5400,2609,5218,2244,5649,4451,2054,5452,4096,1265,4096,900
531,49,-17,4488,784,1569,3139,6279,4366,540,1080,4096,0,481,2051,5191,4096,0,0
532,56,-24,2161,4322,453,907,1815,3631,7263,6334,625,4096,0,0,279,2095,5727,4798
533,62,-30,4476,760,1521,3042,6084,3976,7952,7712,4096,0,0,1122,4164,2056,6032,5792
534,49,-17,7232,6272,4353,515,1030,2060,4121,51,6144,5184,4096,0,0,972,4096,0
535,51,-19,103,207,414,829,1659,3318,6637,5083,0,0,0,0,443,2102,5421,4096
536,61,-29,1974,3949,7898,7604,7017,5842,3492,6984,118,2093,6042,5748,5161,4096,1636,5128
537,52,-20,5777,3362,6724,5256,2321,4642,1092,2185,4497,2082,5444,4096,1041,4096,0,905
538,39,-7,4371,551,1102,2204,4409,626,1252,2504,4096,103,654,1756,4096,178,804,2056
539,57,-25,5009,1826,3652,7305,6418,4645,1099,2199,4096,226,2052,5705,4818,4096,0,599
540,46,-14,4398,604,1209,2419,4839,1487,2975,5951,4096,0,313,1523,4096,591,2079,5055
541,63,-31,3711,7422,6652,5112,2033,4067,8135,8079,1727,5438,4668,4096,49,2083,6151,6095
542,62,-30,7967,7742,7293,6394,4597,1002,2005,4011,6047,5822,5373,4474,4096,0,85,2091
543,61,-29,8022,7852,7513,6835,5479,2766,5533,2874,6166,5996,5657,4979,4096,910,4096,1018
544,58,-26,5749,3307,6614,5037,1883,3766,7533,6874,4096,1643,4950,4096,219,2102,5869,5210
545,54,-22,5557,2923,5847,3502,7005,5819,3447,6895,4149,1515,4439,2094,5597,4411,2039,5487
546,60,-28,5598,3004,6008,3824,7648,7104,6016,3840,4096,1212,4216,2032,5856,5312,4224,2048
547,56,-24,7680,7169,6147,4103,14,29,59,119,6144,5633,4611,4096,0,0,0,0
548,59,-27,238,476,953,1907,3814,7628,7065,5939,0,0,0,179,2086,5900,5337,4211
549,57,-25,3687,7375,6559,4926,1660,3321,6642,5093,2087,5775,4959,4096,60,1721,5042,4096
550,62,-30,1994,3988,7976,7761,7330,6468,4744,1296,74,2068,6056,5841,5410,4548,4096,0
551,40,-8,2593,5187,2183,4367,543,1086,2173,4347,2081,4675,1671,4096,31,574,1661,4096
552,62,-30,503,1006,2012,4024,8048,7905,7618,7044,0,0,92,2104,6128,5985,5698,5124
553,56,-24,5897,3603,7207,6222,4253,314,628,1256,4361,2067,5671,4686,4096,0,0,0
554,58,-26,2513,5026,1860,3721,7442,6692,5193,2195,849,4096,196,2057,5778,5028,4096,531
555,39,-7,4391,591,1183,2366,4732,1272,2544,5088,4096,143,735,1918,4284,824,2096,4640
556,62,-30,1984,3968,7937,7683,7174,6156,4121,51,64,2048,6017,5763,5254,4236,4096,0
557,51,-19,103,206,412,824,1648,3297,6594,4996,0,0,0,0,432,2081,5378,4096
558,56,-24,1800,3600,7200,6209,4227,262,524,1049,264,2064,5664,4673,4096,0,0,0
559,51,-19,2099,4198,204,408,817,1634,3268,6536,883,4096,0,0,0,418,2052,5320
560,49,-17,4880,1568,3137,6275,4358,525,1050,2100,4096,480,2049,5187,4096,0,0,1012
561,52,-20,4201,210,420,840,1680,3360,6721,5251,4096,0,0,0,400,2080,5441,4096
562,36,-4,2310,4621,1050,2100,4201,211,422,844,2054,4365,794,1844,4096,0,166,588
563,52,-20,1688,3377,6755,5319,2447,4894,1596,3192,408,2097,5475,4096,1167,4096,316,1912
564,60,-28,6384,4576,961,1922,3844,7688,7184,6177,4592,4096,0,130,2052,5896,5392,4385
565,33,-1,4162,133,266,532,1064,2128,4257,323,4098,69,202,468,1000,2064,4193,259
566,40,-8,647,1294,2588,5176,2161,4322,453,907,135,782,2076,4664,1649,4096,0,395
567,56,-24,1815,3631,7263,6335,4479,767,1534,3068,279,2095,5727,4799,4096,0,0,1532
568,63,-31,6136,4080,8161,8131,8071,7951,7711,7231,4152,2096,6177,6147,6087,5967,5727,5247
569,63,-31,6270,4348,505,1011,2023,4047,8094,7997,4286,4096,0,0,39,2063,6110,6013
570,61,-29,7803,7415,6639,5087,1983,3966,7932,7673,5947,5559,4783,4096,127,2110,6076,5817
571,63,-31,7155,6118,4045,8091,7990,7789,7387,6582,5171,4134,2061,6107,6006,5805,5403,4598
572,54,-22,4972,1753,3507,7014,5836,3480,6960,5728,4096,345,2099,5606,4428,2072,5552,4320
573,51,-19,3265,6530,4869,1546,3092,6184,4177,162,2049,5314,4096,330,1876,4968,4096,0
574,40,-8,325,651,1303,2606,5213,2235,4470,749,0,139,791,2094,4701,1723,4096,237
575,59,-27,1499,2998,5996,3801,7603,7015,5838,3485,0,1270,4268,2073,5875,5287,4110,1757
576,58,-26,6970,5748,3305,6611,5031,1870,3740,7481,5306,4096,1641,4947,4096,206,2076,5817
577,57,-25,6771,5350,2509,5018,1845,3690,7381,6571,5171,4096,909,4096,245,2090,5781,4971
578,53,-21,4951,1710,3421,6842,5492,2792,5584,2977,4096,366,2077,5498,4148,1448,4240,1633
579,58,-26,5955,3719,7439,6687,5183,2174,4348,505,4291,2055,5775,5023,4096,510,4096,0
580,63,-31,1010,2021,4043,8087,7982,7772,7353,6514,0,37,2059,6103,5998,5788,5369,4530
581,57,-25,4837,1483,2967,5934,3676,7353,6515,4838,4096,0,1367,4334,2076,5753,4915,4096
582,57,-25,1485,2970,5941,3691,7382,6572,4952,1712,0,1370,4341,2091,5782,4972,4096,112
583,53,-21,3424,6848,5505,2818,5637,3083,6167,4142,2080,5504,4161,1474,4293,1739,4823,4096
584,57,-25,92,185,370,741,1482,2965,5931,3670,0,0,0,0,0,1365,4331,2070
585,50,-18,7341,6491,4791,1390,2781,5562,2932,5864,6189,5339,4096,238,1629,4410,1780,4712
586,58,-26,3536,7072,5952,3712,7425,6659,5126,2060,1872,5408,4288,2048,5761,4995,4096,396
587,49,-17,4120,49,98,196,392,785,1571,3143,4096,0,0,0,0,0,483,2055
588,35,-3,6287,4383,575,1151,2302,4604,1017,2035,6095,4191,383,959,2110,4412,825,1843
589,63,-31,4071,8143,8094,7996,7801,7411,6630,5068,2087,6159,6110,6012,5817,5427,4646,4096
590,60,-28,1944,3888,7776,7361,6531,4870,1548,3097,152,2096,5984,5569,4739,4096,0,1305
591,50,-18,6194,4197,203,406,812,1624,3248,6496,5042,4096,0,0,0,472,2096,5344
592,48,-16,4801,1410,2821,5643,3094,6189,4186,180,4096,386,1797,4619,2070,5165,4096,0
593,52,-20,361,723,1447,2894,5788,3384,6768,5345,0,0,167,1614,4508,2104,5488,4096
594,56,-24,2498,4997,1803,3607,7215,6238,4284,377,962,4096,267,2071,5679,4702,4096,0
595,60,-28,754,1509,3018,6036,3880,7760,7329,6466,0,0,1226,4244,2088,5968,5537,4674
596,40,-8,4741,1291,2583,5167,2142,4285,379,759,4229,779,2071,4655,1630,4096,0,247
597,61,-29,1518,3037,6075,3958,7917,7642,7093,5995,0,1181,4219,2102,6061,5786,5237,4139
598,59,-27,3798,7596,7001,5810,3429,6859,5527,2862,2070,5868,5273,4096,1701,5131,4096,1134
599,56,-24,5724,3256,6512,4833,1474,2948,5897,3602,4188,1720,4976,4096,0,1412,4361,2066
600,48,-16,7205,6218,4245,298,596,1192,2385,4770,6181,5194,4096,0,0,168,1361,4096
601,42,-10,1348,2697,5395,2599,5198,2205,4410,628,708,2057,4755,1959,4558,1565,4096,0
602,58,-26,1256,2513,5026,1861,3723,7447,6702,5213,0,849,4096,197,2059,5783,5038,4096
603,58,-26,2234,4469,747,1495,2991,5982,3772,7545,570,4096,0,0,1327,4318,2108,5881
604,60,-28,6899,5607,3023,6047,3902,7805,7418,6644,5107,4096,1231,4255,2110,6013,5626,4852
605,62,-30,5096,2000,4000,8000,7808,7424,6656,5121,4096,80,2080,6080,5888,5504,4736,4096
606,32,0,2050,4101,10,20,41,83,167,334,2050,4101,10,20,41,83,167,334
607,56,-24,668,1336,2673,5347,2503,5006,1821,3642,0,0,1137,4096,967,4096,285,2106
608,58,-26,7284,6377,4562,932,1864,3728,7456,6721,5620,4713,4096,0,200,2064,5792,5057
609,36,-4,5251,2310,4620,1049,2098,4197,203,407,4995,2054,4364,793,1842,4096,0,151
610,50,-18,815,1630,3260,6520,4848,1505,3010,6020,0,478,2108,5368,4096,353,1858,4868
611,60,-28,3848,7696,7201,6210,4228,265,531,1062,2056,5904,5409,4418,4096,0,0,0
612,38,-6,2125,4251,310,620,1241,2482,4964,1737,1741,4096,0,236,857,2098,4580,1353
613,54,-22,3474,6949,5707,3222,6445,4698,1204,2409,2066,5541,4299,1814,5037,4096,0,1001
614,52,-20,4819,1446,2893,5786,3380,6761,5330,2468,4096,166,1613,4506,2100,5481,4096,1188
615,52,-20,4936,1680,3360,6720,5248,2304,4609,1026,4096,400,2080,5440,4096,1024,4096,0
616,32,0,2053,4106,20,40,81,162,324,649,2053,4106,20,40,81,162,324,649
617,40,-8,1298,2596,5193,2194,4388,584,1168,2337,786,2084,4681,1682,4096,72,656,1825
618,36,-4,4674,1157,2314,4629,1066,2132,4265,339,4418,901,2058,4373,810,1876,4096,83
619,42,-10,678,1357,2714,5429,2667,5335,2479,4958,38,717,2074,4789,2027,4695,1839,4318
620,61,-29,1725,3451,6902,5613,3034,6068,3944,7888,0,1595,5046,4096,1178,4212,2088,6032
621,54,-22,7584,6977,5762,3333,6666,5140,2088,4176,6176,5569,4354,1925,5258,4096,680,4096
622,40,-8,160,320,641,1283,2567,5134,2077,4155,0,0,129,771,2055,4622,1565,4096
623,59,-27,118,237,475,951,1903,3807,7615,7039,0,0,0,0,175,2079,5887,5311
624,63,-31,5887,3582,7165,6138,4085,8171,8150,8109,4096,1598,5181,4154,2101,6187,6166,6125
625,61,-29,8026,7861,7530,6868,5545,2898,5797,3402,6170,6005,5674,5012,4096,1042,4096,1546
626,42,-10,6804,5417,2643,5286,2381,4762,1333,2666,6164,4777,2003,4646,1741,4122,693,2026
627,53,-21,5332,2473,4947,1702,3404,6808,5425,2659,4096,1129,4096,358,2060,5464,4096,1315
628,49,-17,5319,2446,4893,1595,3190,6380,4568,944,4231,1358,4096,507,2102,5292,4096,0
629,59,-27,1889,3778,7556,6920,5648,3104,6209,4226,161,2050,5828,5192,4096,1376,4481,4096
630,32,0,260,521,1042,2085,4171,151,302,605,260,521,1042,2085,4171,151,302,605
631,58,-26,1210,2421,4842,1493,2987,5974,3757,7514,0,757,4096,0,1323,4310,2093,5850
632,52,-20,6836,5480,2769,5538,2884,5768,3344,6689,5556,4200,1489,4258,1604,4488,2064,5409
633,34,-2,5186,2180,4361,530,1061,2122,4244,297,5058,2052,4233,402,933,1994,4116,169
634,41,-9,595,1190,2380,4761,1331,2663,5326,2460,19,614,1804,4185,755,2087,4750,1884
635,57,-25,4921,1650,3301,6602,5012,1833,3666,7333,4096,50,1701,5002,4096,233,2066,5733
636,41,-9,6474,4757,1323,2646,5293,2394,4788,1385,5898,4181,747,2070,4717,1818,4212,809
637,52,-20,2771,5543,2894,5788,3385,6771,5351,2511,1491,4263,1614,4508,2105,5491,4096,1231
638,61,-29,5022,1853,3707,7414,6636,5080,1968,3937,4096,0,1851,5558,4780,4096,112,2081
639,59,-27,7875,7558,6925,5659,3126,6253,4314,437,6147,5830,5197,4096,1398,4525,4096,0
640,54,-22,875,1751,3502,7004,5816,3441,6883,5574,0,343,2094,5596,4408,2033,5475,4166
641,56,-24,2957,5914,3637,7275,6359,4526,861,1722,1421,4378,2101,5739,4823,4096,0,186
642,58,-26,3444,6888,5585,2978,5957,3722,7444,6696,1780,5224,4096,1314,4293,2058,5780,5032
643,40,-8,5201,2211,4423,654,1308,2617,5234,2276,4689,1699,4096,142,796,2105,4722,1764
644,57,-25,4552,912,1825,3651,7303,6415,4639,1086,4096,0,225,2051,5703,4815,4096,0
645,62,-30,2173,4347,502,1004,2009,4019,8038,7884,253,4096,0,0,89,2099,6118,5964
646,54,-22,7577,6963,5735,3279,6559,4926,1661,3323,6169,5555,4327,1871,5151,4096,253,1915
647,62,-30,6646,5101,2011,4023,8047,7903,7615,7039,4726,4096,91,2103,6127,5983,5695,5119
648,63,-31,5886,3581,7163,6134,4076,8153,8115,8039,4096,1597,5179,4150,2092,6169,6131,6055
649,59,-27,7886,7581,6970,5749,3307,6614,5037,1882,6158,5853,5242,4096,1579,4886,4096,154
650,58,-26,3765,7531,6870,5549,2907,5815,3439,6878,2101,5867,5206,4096,1243,4151,1775,5214
651,60,-28,5564,2937,5874,3557,7115,6038,3884,7768,4096,1145,4096,1765,5323,4246,2092,5976
652,50,-18,7344,6496,4800,1408,2817,5634,3077,6155,6192,5344,4096,256,1665,4482,1925,5003
653,45,-13,4118,45,90,181,363,726,1452,2905,4096,0,0,0,0,0,620,2073
654,53,-21,5810,3429,6858,5524,2857,5714,3236,6472,4466,2085,5514,4180,1513,4370,1892,5128
655,41,-9,4752,1313,2626,5252,2312,4625,1059,2119,4176,737,2050,4676,1736,4096,483,1543
656,35,-3,4238,284,569,1139,2279,4559,927,1854,4096,92,377,947,2087,4367,735,1662
657,62,-30,3709,7418,6644,5097,2002,4005,8011,7830,1789,5498,4724,4096,82,2085,6091,5910
658,52,-20,7469,6746,5301,2410,4821,1450,2901,5803,6189,5466,4096,1130,4096,170,1621,4523
659,53,-21,3415,6830,5468,2745,5490,2788,5576,2961,2071,5486,4124,1401,4146,1444,4232,1617
660,57,-25,5923,3655,7311,6430,4669,1146,2293,4587,4323,2055,5711,4830,4096,0,693,4096
661,61,-29,982,1965,3930,7860,7529,6867,5542,2893,0,109,2074,6004,5673,5011,4096,1037
662,52,-20,5786,3380,6761,5331,2471,4943,1694,3389,4506,2100,5481,4096,1191,4096,414,2109
663,61,-29,6779,5366,2540,5081,1970,3940,7880,7568,4923,4096,684,4096,114,2084,6024,5712
664,50,-18,6945,5698,3205,6410,4628,1065,2130,4260,5793,4546,2053,5258,4096,0,978,4096
665,41,-9,329,659,1319,2639,5279,2366,4732,1273,0,83,743,2063,4703,1790,4156,697
666,62,-30,2547,5095,1999,3999,7999,7807,7423,6655,627,4096,79,2079,6079,5887,5503,4735
667,63,-31,5118,2045,4091,8182,8173,8155,8119,8047,4096,61,2107,6198,6189,6171,6135,6063
668,60,-28,7902,7612,7032,5872,3552,7104,6017,3842,6110,5820,5240,4096,1760,5312,4225,2050
669,56,-24,7685,7179,6166,4141,91,183,366,733,6149,5643,4630,4096,0,0,0,0
670,59,-27,1467,2935,5870,3549,7099,6006,3820,7641,0,1207,4142,1821,5371,4278,2092,5913
671,59,-27,7091,5991,3791,7582,6973,5754,3317,6635,5363,4263,2063,5854,5245,4096,1589,4907
672,61,-29,5078,1964,3929,7858,7525,6858,5525,2858,4096,108,2073,6002,5669,5002,4096,1002
673,50,-18,5716,3240,6481,4770,1348,2696,5393,2595,4564,2088,5329,4096,196,1544,4241,1443
674,35,-3,5190,2188,4377,562,1125,2250,4501,810,4998,1996,4185,370,933,2058,4309,618
675,50,-18,1621,3242,6485,4779,1366,2733,5466,2740,469,2090,5333,4096,214,1581,4314,1588
676,52,-20,5481,2771,5543,2894,5789,3386,6772,5352,4201,1491,4263,1614,4509,2106,5492,4096
677,58,-26,2513,5027,1862,3725,7450,6709,5227,2263,849,4096,198,2061,5786,5045,4096,599
678,53,-21,4527,863,1727,3455,6911,5630,3069,6138,4096,0,383,2111,5567,4286,1725,4794
679,63,-31,4085,8171,8150,8108,8024,7857,7522,6852,2101,6187,6166,6124,6040,5873,5538,4868
680,49,-17,5513,2835,5671,3151,6302,4412,633,1266,4425,1747,4583,2063,5214,4096,0,178
681,60,-28,2533,5067,1943,3887,7775,7359,6526,4861,741,4096,151,2095,5983,5567,4734,4096
682,63,-31,1530,3060,6121,4051,8103,8014,7837,7482,0,1076,4137,2067,6119,6030,5853,5498
683,58,-26,6773,5355,2518,5037,1882,3764,7529,6866,5109,4096,854,4096,218,2100,5865,5202
684,52,-20,5541,2891,5782,3373,6747,5303,2415,4830,4261,1611,4502,2093,5467,4096,1135,4096
685,61,-29,1469,2939,5878,3564,7128,6065,3938,7877,0,1083,4096,1708,5272,4209,2082,6021
686,54,-22,7563,6935,5679,3167,6334,4477,763,1527,6155,5527,4271,1759,4926,4096,0,119
687,62,-30,3055,6110,4028,8056,7921,7651,7110,6028,1135,4190,2108,6136,6001,5731,5190,4108
688,60,-28,3865,7730,7269,6347,4503,814,1629,3258,2073,5938,5477,4555,4096,0,0,1466
689,58,-26,6517,4843,1494,2988,5977,3763,7527,6863,4853,4096,0,1324,4313,2099,5863,5199
690,63,-31,5535,2879,5758,3325,6651,5111,2030,4060,4096,895,4096,1341,4667,4096,46,2076
691,62,-30,8120,8049,7906,7621,7051,5911,3631,7263,6200,6129,5986,5701,5131,4096,1711,5343
692,63,-31,6335,4478,765,1531,3062,6124,4056,8113,4351,4096,0,0,1078,4140,2072,6129
693,61,-29,8034,7877,7562,6932,5673,3154,6308,4424,6178,6021,5706,5076,4096,1298,4452,4096
694,41,-9,657,1315,2631,5262,2333,4667,1143,2286,81,739,2055,4686,1757,4096,567,1710
695,59,-27,4572,952,1904,3809,7618,7045,5898,3605,4096,0,176,2081,5890,5317,4170,1877
696,48,-16,7210,6229,4267,343,686,1373,2746,5493,6186,5205,4096,0,0,349,1722,4469
697,58,-26,2794,5588,2985,5970,3749,7499,6806,5421,1130,4096,1321,4306,2085,5835,5142,4096
698,53,-21,2650,5301,2410,4820,1449,2899,5799,3407,1306,4096,1066,4096,105,1555,4455,2063
699,63,-31,6815,5439,2686,5373,2555,5110,2029,4058,4831,4096,702,4096,571,4096,45,2074
700,62,-30,8116,8041,7891,7590,6989,5787,3382,6765,6196,6121,5971,5670,5069,4096,1462,4845
701,54,-22,5339,2486,4973,1754,3509,7019,5847,3502,4096,1078,4096,346,2101,5611,4439,2094
702,59,-27,7005,5819,3447,6894,5597,3002,6004,3816,5277,4096,1719,5166,4096,1274,4276,2088
703,58,-26,7632,7073,5954,3717,7434,6676,5160,2128,5968,5409,4290,2053,5770,5012,4096,464
704,40,-8,4257,322,645,1290,2581,5162,2132,4264,4096,0,133,778,2069,4650,1620,4096
705,42,-10,336,672,1344,2688,5377,2562,5124,2057,0,32,704,2048,4737,1922,4484,1417
706,37,-5,4114,37,74,149,298,597,1194,2389,4096,0,0,0,0,277,874,2069
707,42,-10,4778,1364,2729,5458,2725,5451,2710,5421,4138,724,2089,4818,2085,4811,2070,4781
708,53,-21,2650,5301,2411,4822,1452,2905,5811,3431,1306,4096,1067,4096,108,1561,4467,2087
709,51,-19,6862,5532,2872,5745,3298,6596,5000,1809,5646,4316,1656,4529,2082,5380,4096,593
710,56,-24,3618,7236,6281,4371,550,1101,2203,4406,2082,5700,4745,4096,0,0,667,4096
711,54,-22,620,1240,2481,4962,1733,3467,6934,5676,0,0,1073,4096,325,2059,5526,4268
712,49,-17,3160,6320,4449,707,1414,2829,5658,3124,2072,5232,4096,0,326,1741,4570,2036
713,52,-20,6249,4306,421,843,1687,3374,6749,5306,4969,4096,0,0,407,2094,5469,4096
714,58,-26,2420,4840,1488,2976,5952,3713,7426,6661,756,4096,0,1312,4288,2049,5762,4997
715,32,0,5130,2068,4137,82,164,329,658,1317,5130,2068,4137,82,164,329,658,1317
716,41,-9,2634,5268,2344,4689,1186,2372,4744,1296,2058,4692,1768,4113,610,1796,4168,720
717,40,-8,2593,5187,2183,4366,540,1081,2162,4325,2081,4675,1671,4096,28,569,1650,4096
718,57,-25,458,917,1835,3671,7342,6493,4795,1399,0,0,235,2071,5742,4893,4096,0
719,59,-27,2798,5596,3001,6003,3814,7628,7065,5939,1070,4096,1273,4275,2086,5900,5337,4211
720,57,-25,3687,7374,6557,4923,1654,3308,6616,5041,2087,5774,4957,4096,54,1708,5016,4096
721,59,-27,1891,3782,7564,6937,5682,3173,6347,4503,163,2054,5836,5209,4096,1445,4619,4096
722,50,-18,815,1630,3260,6521,4850,1509,3019,6039,0,478,2108,5369,4096,357,1867,4887
723,60,-28,3887,7775,7359,6527,4862,1532,3064,6129,2095,5983,5567,4735,4096,0,1272,4337
724,63,-31,4066,8132,8073,7955,7719,7247,6303,4415,2082,6148,6089,5971,5735,5263,4319,4096
725,63,-31,639,1279,2558,5117,2042,4085,8171,8150,0,0,574,4096,58,2101,6187,6166
726,62,-30,8109,8026,7861,7530,6869,5547,2903,5807,6189,6106,5941,5610,4949,4096,983,4096
727,61,-29,3422,6845,5499,2806,5612,3033,6066,3941,1566,4989,4096,950,4096,1177,4210,2085
728,59,-27,7883,7575,6959,5726,3261,6522,4853,1514,6155,5847,5231,4096,1533,4794,4096,0
729,61,-29,3029,6058,3924,7848,7505,6819,5447,2703,1173,4202,2068,5992,5649,4963,4096,847
730,61,-29,5406,2621,5242,2292,4585,979,1958,3917,4096,765,4096,436,4096,0,102,2061
731,58,-26,7834,7476,6760,5328,2465,4930,1668,3337,6170,5812,5096,4096,801,4096,4,1673
732,40,-8,6674,5156,2120,4241,291,583,1167,2335,6162,4644,1608,4096,0,71,655,1823
733,63,-31,4671,1150,2300,4601,1010,2021,4042,8084,4096,0,316,4096,0,37,2058,6100
734,60,-28,7976,7761,7330,6469,4746,1301,2603,5207,6184,5969,5538,4677,4096,0,811,4096
735,46,-14,2222,4444,697,1394,2789,5578,2964,5929,1326,4096,0,498,1893,4682,2068,5033
736,57,-25,3667,7335,6478,4765,1338,2676,5353,2515,2067,5735,4878,4096,0,1076,4096,915
737,58,-26,5031,1871,3742,7485,6778,5365,2539,5078,4096,207,2078,5821,5114,4096,875,4096
738,61,-29,1964,3929,7858,7524,6856,5520,2848,5696,108,2073,6002,5668,5000,4096,992,4096
739,50,-18,3200,6401,4610,1029,2059,4119,47,94,2048,5249,4096,0,907,4096,0,0
740,60,-28,188,376,752,1504,3009,6019,3847,7694,0,0,0,0,1217,4227,2055,5902
741,57,-25,7196,6201,4211,231,462,924,1849,3698,5596,4601,4096,0,0,0,249,2098
742,57,-25,7397,6603,5015,1839,3679,7358,6525,4859,5797,5003,4096,239,2079,5758,4925,4096
743,62,-30,1526,3052,6105,4019,8038,7884,7577,6962,0,1132,4185,2099,6118,5964,5657,5042
744,51,-19,5732,3273,6547,4902,1613,3226,6453,4714,4516,2057,5331,4096,397,2010,5237,4096
745,53,-21,1236,2472,4944,1697,3394,6788,5385,2579,0,1128,4096,353,2050,5444,4096,1235
746,38,-6,5158,2125,4250,308,616,1232,2465,4931,4774,1741,4096,0,232,848,2081,4547
747,52,-20,1671,3342,6685,5178,2164,4328,465,931,391,2062,5405,4096,884,4096,0,0
748,58,-26,1862,3725,7450,6709,5227,2263,4527,863,198,2061,5786,5045,4096,599,4096,0
749,62,-30,1726,3453,6907,5623,3055,6111,4030,8060,0,1533,4987,4096,1135,4191,2110,6140
750,62,-30,7929,7666,7141,6091,3991,7983,7775,7358,6009,5746,5221,4171,2071,6063,5855,5438
751,62,-30,6524,4857,1523,3047,6095,3999,7999,7806,4604,4096,0,1127,4175,2079,6079,5886
752,63,-31,7420,6648,5105,2019,4039,8079,7966,7740,5436,4664,4096,35,2055,6095,5982,5756
753,60,-28,7289,6387,4582,973,1947,3895,7790,7388,5497,4595,4096,0,155,2103,5998,5596
754,56,-24,6584,4977,1763,3526,7053,5914,3636,7272,5048,4096,227,1990,5517,4378,2100,5736
755,52,-20,6353,4515,838,1677,3354,6708,5224,2257,5073,4096,0,397,2074,5428,4096,977
756,52,-20,4515,839,1678,3357,6714,5236,2280,4561,4096,0,398,2077,5434,4096,1000,4096
757,58,-26,931,1863,3727,7455,6719,5247,2303,4607,0,199,2063,5791,5055,4096,639,4096
758,63,-31,1022,2045,4090,8181,8170,8148,8105,8018,0,61,2106,6197,6186,6164,6121,6034
759,58,-26,7844,7496,6800,5409,2627,5255,2319,4638,6180,5832,5136,4096,963,4096,655,4096
760,61,-29,1085,2171,4343,494,988,1977,3955,7910,0,315,4096,0,0,121,2099,6054
761,57,-25,7628,7064,5937,3682,7365,6538,4884,1577,6028,5464,4337,2082,5765,4938,4096,0
762,49,-17,3155,6310,4428,664,1329,2659,5318,2444,2067,5222,4096,0,241,1571,4230,1356
763,51,-19,4889,1587,3174,6349,4507,823,1647,3294,4096,371,1958,5133,4096,0,431,2078
764,61,-29,6589,4986,1781,3563,7126,6061,3931,7862,4733,4096,0,1707,5270,4205,2075,6006
765,54,-22,7533,6875,5558,2924,5849,3507,7015,5838,6125,5467,4150,1516,4441,2099,5607,4430
766,57,-25,3484,6969,5746,3300,6600,5009,1826,3653,1884,5369,4146,1700,5000,4096,226,2053
767,50,-18,7307,6422,4653,1115,2230,4460,728,1457,6155,5270,4096,0,1078,4096,0,305
768,54,-22,2914,5829,3467,6934,5676,3161,6322,4452,1506,4421,2059,5526,4268,1753,4914,4096
769,50,-18,713,1426,2853,5706,3220,6440,4688,1184,0,274,1701,4554,2068,5288,4096,32
770,40,-8,2369,4739,1286,2573,5147,2102,4205,219,1857,4227,774,2061,4635,1590,4096,0
771,54,-22,438,877,1754,3509,7019,5846,3500,7001,0,0,346,2101,5611,4438,2092,5593
772,53,-21,5810,3428,6857,5523,2854,5708,3225,6450,4466,2084,5513,4179,1510,4364,1881,5106
773,50,-18,4708,1225,2451,4902,1612,3225,6451,4711,4096,73,1299,4096,460,2073,5299,4096
774,51,-19,1231,2462,4924,1657,3314,6628,5065,1938,15,1246,4096,441,2098,5412,4096,722
775,60,-28,3876,7752,7312,6433,4675,1158,2317,4635,2084,5960,5520,4641,4096,0,525,4096
776,55,-23,1079,2158,4316,440,881,1762,3525,7051,0,686,4096,0,0,290,2053,5579
777,56,-24,5910,3629,7258,6325,4458,724,1449,2898,4374,2093,5722,4789,4096,0,0,1362
778,53,-21,5796,3401,6802,5412,2633,5266,2341,4683,4452,2057,5458,4096,1289,4096,997,4096
779,45,-13,1174,2349,4698,1204,2408,4817,1442,2885,342,1517,4096,372,1576,4096,610,2053
780,52,-20,5770,3348,6696,5200,2208,4416,641,1283,4490,2068,5416,4096,928,4096,0,3
781,40,-8,2566,5132,2073,4146,100,201,402,804,2054,4620,1561,4096,0,0,0,292
782,50,-18,1608,3217,6435,4679,1167,2335,4671,1151,456,2065,5283,4096,15,1183,4096,0
783,63,-31,2302,4604,1016,2032,4065,8131,8070,7948,318,4096,0,48,2081,6147,6086,5964
784,56,-24,7705,7219,6246,4300,408,816,1633,3267,6169,5683,4710,4096,0,0,97,1731
785,48,-16,6535,4879,1566,3132,6265,4339,486,973,5511,4096,542,2108,5241,4096,0,0
786,60,-28,1947,3895,7790,7389,6586,4980,1768,3536,155,2103,5998,5597,4794,4096,0,1744
787,58,-26,7072,5952,3712,7424,6656,5120,2049,4098,5408,4288,2048,5760,4992,4096,385,4096
788,9,23,4,9,18,36,72,145,291,582,1476,1481,1490,1508,1544,1617,1763,2054
789,36,-4,1164,2328,4656,1120,2241,4482,773,1546,908,2072,4400,864,1985,4226,517,1290
790,48,-16,3092,6185,4179,167,335,670,1341,2682,2068,5161,4096,0,0,0,317,1658
791,61,-29,5365,2539,5078,1964,3929,7859,7527,6862,4096,683,4096,108,2073,6003,5671,5006
792,58,-26,5533,2874,5748,3304,6609,5026,1860,3721,4096,1210,4096,1640,4945,4096,196,2057
793,52,-20,7442,6692,5193,2195,4390,589,1179,2359,6162,5412,4096,915,4096,0,0,1079
794,55,-23,4718,1244,2488,4976,1760,3520,7040,5888,4096,0,1016,4096,288,2048,5568,4416
795,56,-24,3585,7170,6148,4104,17,35,71,142,2049,5634,4612,4096,0,0,0,0
796,58,-26,285,570,1141,2282,4565,938,1877,3754,0,0,0,618,4096,0,213,2090
797,53,-21,7509,6827,5463,2735,5470,2748,5496,2801,6165,5483,4119,1391,4126,1404,4152,1457
798,60,-28,5603,3014,6028,3865,7730,7269,6346,4501,4096,1222,4236,2073,5938,5477,4554,4096
799,50,-18,811,1622,3244,6488,4784,1377,2755,5511,0,470,2092,5336,4096,225,1603,4359
800,48,-16,2830,5660,3129,6259,4327,463,926,1853,1806,4636,2105,5235,4096,0,0,829
801,61,-29,3706,7413,6634,5077,1963,3927,7855,7519,1850,5557,4778,4096,107,2071,5999,5663
802,63,-31,6847,5502,2813,5627,3063,6126,4061,8122,4863,4096,829,4096,1079,4142,2077,6138
803,61,-29,8053,7914,7636,7081,5971,3750,7500,6808,6197,6058,5780,5225,4115,1894,5644,4952
804,48,-16,5424,2657,5315,2438,4877,1563,3127,6255,4400,1633,4291,1414,4096,539,2103,5231
805,62,-30,4319,446,892,1785,3571,7143,6094,3996,4096,0,0,0,1651,5223,4174,2076
806,60,-28,7993,7794,7397,6602,5012,1832,3665,7330,6201,6002,5605,4810,4096,40,1873,5538
807,40,-8,6469,4747,1303,2606,5213,2234,4468,744,5957,4235,791,2094,4701,1722,4096,232
808,58,-26,1488,2976,5952,3713,7426,6660,5128,2065,0,1312,4288,2049,5762,4996,4096,401
809,35,-3,4131,70,141,282,565,1130,2260,4521,4096,0,0,90,373,938,2068,4329
810,53,-21,851,1702,3405,6811,5430,2669,5338,2485,0,358,2061,5467,4096,1325,4096,1141
811,54,-22,4970,1749,3498,6997,5802,3412,6825,5459,4096,341,2090,5589,4394,2004,5417,4096
812,42,-10,2727,5454,2716,5433,2675,5351,2511,5023,2087,4814,2076,4793,2035,4711,1871,4383
813,62,-30,1854,3708,7417,6642,5092,1993,3987,7974,0,1788,5497,4722,4096,73,2067,6054
814,57,-25,7756,7321,6450,4708,1225,2451,4903,1615,6156,5721,4850,4096,0,851,4096,15
815,61,-29,3230,6461,4730,1269,2538,5076,1961,3922,1374,4605,4096,0,682,4096,105,2066
816,58,-26,7845,7499,6806,5421,2651,5303,2415,4830,6181,5835,5142,4096,987,4096,751,4096
817,61,-29,1469,2939,5878,3564,7129,6067,3943,7887,0,1083,4096,1708,5273,4211,2087,6031
818,61,-29,7582,6973,5755,3318,6637,5082,1973,3947,5726,5117,4096,1462,4781,4096,117,2091
819,59,-27,7894,7597,7002,5813,3434,6869,5547,2903,6166,5869,5274,4096,1706,5141,4096,1175
820,53,-21,5807,3423,6847,5502,2813,5627,3063,6127,4463,2079,5503,4158,1469,4283,1719,4783
821,63,-31,4062,8124,8057,7923,7654,7117,6042,3893,2078,6140,6073,5939,5670,5133,4096,1909
822,57,-25,7787,7382,6572,4953,1715,3431,6862,5533,6187,5782,4972,4096,115,1831,5262,4096
823,58,-26,2874,5748,3305,6611,5031,1870,3740,7481,1210,4096,1641,4947,4096,206,2076,5817
824,57,-25,6771,5350,2508,5017,1842,3685,7371,6551,5171,4096,908,4096,242,2085,5771,4951
825,50,-18,4910,1628,3256,6512,4832,1472,2944,5889,4096,476,2104,5360,4096,320,1792,4737
826,56,-24,3587,7175,6159,4127,63,126,252,505,2051,5639,4623,4096,0,0,0,0
827,63,-31,1011,2023,4047,8094,7997,7802,7413,6634,0,39,2063,6110,6013,5818,5429,4650
828,61,-29,5076,1960,3920,7841,7491,6790,5389,2587,4096,104,2064,5985,5635,4934,4096,731
829,55,-23,5175,2159,4319,446,893,1786,3572,7144,4096,687,4096,0,0,314,2100,5672
830,62,-30,6096,4001,8003,7815,7438,6685,5179,2167,4176,2081,6083,5895,5518,4765,4096,247
831,59,-27,4335,478,957,1915,3830,7660,7128,6065,4096,0,0,187,2102,5932,5400,4337
832,61,-29,3938,7877,7562,6932,5673,3155,6311,4430,2082,6021,5706,5076,4096,1299,4455,4096
833,59,-27,669,1339,2679,5359,2526,5052,1913,3827,0,0,951,4096,798,4096,185,2099
834,60,-28,7655,7118,6044,3897,7795,7398,6604,5016,5863,5326,4252,2105,6003,5606,4812,4096
835,57,-25,1841,3683,7366,6541,4890,1589,3178,6357,241,2083,5766,4941,4096,0,1578,4757
836,53,-21,4522,853,1707,3414,6829,5467,2742,5485,4096,0,363,2070,5485,4123,1398,4141
837,54,-22,2778,5557,2923,5847,3502,7005,5819,3446,1370,4149,1515,4439,2094,5597,4411,2038
838,59,-27,6892,5593,2995,5990,3788,7577,6963,5735,5164,4096,1267,4262,2060,5849,5235,4096
839,51,-19,3278,6556,4921,1651,3302,6605,5019,1846,2062,5340,4096,435,2086,5389,4096,630
840,57,-25,3692,7384,6577,4962,1733,3466,6933,5675,2092,5784,4977,4096,133,1866,5333,4096
841,49,-17,3159,6319,4447,702,1404,2808,5617,3043,2071,5231,4096,0,316,1720,4529,1955
842,62,-30,6087,3982,7964,7737,7282,6372,4553,914,4167,2062,6044,5817,5362,4452,4096,0
843,57,-25,1828,3656,7312,6433,4674,1157,2315,4631,228,2056,5712,4833,4096,0,715,4096
844,47,-15,1071,2142,4284,376,752,1505,3011,6023,111,1182,4096,0,0,545,2051,5063
845,60,-28,3855,7710,7228,6264,4337,483,967,1935,2063,5918,5436,4472,4096,0,0,143
846,63,-31,3871,7743,7294,6397,4602,1012,2024,4048,1887,5759,5310,4413,4096,0,40,2064
847,62,-30,8096,8000,7808,7424,6657,5123,2054,4108,6176,6080,5888,5504,4737,4096,134,4096
848,51,-19,25,51,103,207,415,830,1661,3323,0,0,0,0,0,0,445,2107
849,62,-30,6647,5103,2014,4029,8058,7924,7657,7122,4727,4096,94,2109,6138,6004,5737,5202
850,61,-29,6052,3913,7826,7461,6731,5270,2348,4697,4196,2057,5970,5605,4875,4096,492,4096
851,50,-18,1202,2404,4809,1427,2854,5709,3226,6452,50,1252,4096,275,1702,4557,2074,5300
852,52,-20,4713,1235,2471,4943,1694,3389,6778,5365,4096,0,1191,4096,414,2109,5498,4096
853,61,-29,2538,5077,1962,3924,7848,7505,6818,5445,682,4096,106,2068,5992,5649,4962,4096
854,42,-10,2698,5397,2603,5206,2220,4440,689,1379,2058,4757,1963,4566,1580,4096,49,739
855,49,-17,2759,5519,2847,5694,3197,6395,4598,1004,1671,4431,1759,4606,2109,5307,4096,0
856,62,-30,2009,4018,8036,7880,7568,6944,5696,3200,89,2098,6116,5960,5648,5024,4096,1280
857,36,-4,6401,4610,1029,2059,4119,46,92,184,6145,4354,773,1803,4096,0,0,0
858,56,-24,369,738,1477,2954,5909,3627,7254,6316,0,0,0,1418,4373,2091,5718,4780
859,50,-18,4441,690,1380,2760,5521,2850,5700,3208,4096,0,228,1608,4369,1698,4548,2056
860,36,-4,6416,4641,1090,2181,4363,534,1068,2136,6160,4385,834,1925,4107,278,812,1880
861,48,-16,4272,352,704,1408,2817,5635,3079,6158,4096,0,0,384,1793,4611,2055,5134
862,56,-24,4124,56,112,224,449,898,1797,3594,4096,0,0,0,0,0,261,2058
863,48,-16,7188,6185,4178,165,330,661,1323,2646,6164,5161,4096,0,0,0,299,1622
864,45,-13,5293,2394,4788,1384,2768,5536,2880,5760,4461,1562,4096,552,1936,4704,2048,4928
865,52,-20,3328,6656,5121,2051,4102,12,25,50,2048,5376,4096,771,4096,0,0,0
866,50,-18,101,202,405,810,1621,3243,6486,4781,0,0,0,0,469,2091,5334,4096
867,55,-23,1371,2743,5486,2780,5560,2929,5858,3525,0,1271,4096,1308,4096,1457,4386,2053
868,56,-24,7051,5911,3630,7261,6330,4469,746,1493,5515,4375,2094,5725,4794,4096,0,0
869,58,-26,2986,5973,3755,7510,6829,5466,2741,5482,1322,4309,2091,5846,5165,4096,1077,4096
870,53,-21,2772,5544,2897,5794,3396,6792,5393,2595,1428,4200,1553,4450,2052,5448,4096,1251
871,35,-3,5191,2190,4381,570,1141,2283,4566,941,4999,1998,4189,378,949,2091,4374,749
872,58,-26,1883,3767,7535,6879,5567,2943,5886,3580,219,2103,5871,5215,4096,1279,4222,1916
873,63,-31,7161,6130,4068,8136,8080,7969,7747,7302,5177,4146,2084,6152,6096,5985,5763,5318
874,36,-4,6412,4632,1072,2145,4291,391,782,1565,6156,4376,816,1889,4096,135,526,1309
875,59,-27,3131,6263,4334,476,953,1906,3812,7625,1403,4535,4096,0,0,178,2084,5897
876,57,-25,7058,5924,3657,7315,6438,4684,1176,2352,5458,4324,2057,5715,4838,4096,0,752
877,48,-16,4705,1218,2436,4873,1555,3110,6221,4250,4096,194,1412,4096,531,2086,5197,4096
878,53,-21,309,619,1239,2479,4959,1726,3453,6906,0,0,0,1135,4096,382,2109,5562
879,62,-30,5621,3051,6102,4013,8026,7861,7530,6868,4096,1131,4182,2093,6106,5941,5610,4948
880,53,-21,5544,2897,5795,3399,6799,5406,2620,5241,4200,1553,4451,2055,5455,4096,1276,4096
881,60,-28,2291,4583,975,1951,3902,7805,7419,6647,499,4096,0,159,2110,6013,5627,4855
882,62,-30,5103,2014,4028,8056,7921,7651,7111,6031,4096,94,2108,6136,6001,5731,5191,4111
883,61,-29,3870,7741,7290,6388,4584,976,1953,3906,2014,5885,5434,4532,4096,0,97,2050
884,58,-26,7812,7432,6673,5155,2118,4236,281,562,6148,5768,5009,4096,454,4096,0,0
885,50,-18,1124,2249,4499,806,1612,3224,6449,4707,0,1097,4096,0,460,2072,5297,4096
886,49,-17,1223,2446,4893,1595,3190,6380,4569,946,135,1358,4096,507,2102,5292,4096,0
887,59,-27,1892,3784,7568,6944,5697,3203,6407,4623,164,2056,5840,5216,4096,1475,4679,4096
888,62,-30,1055,2110,4220,249,498,996,1992,3984,0,190,4096,0,0,0,72,2064
889,60,-28,7969,7747,7303,6414,4636,1080,2161,4322,6177,5955,5511,4622,4096,0,369,4096
890,56,-24,452,904,1808,3616,7233,6274,4357,523,0,0,272,2080,5697,4738,4096,0
891,44,-12,1046,2092,4184,176,353,706,1413,2827,278,1324,4096,0,0,0,645,2059
892,48,-16,5654,3117,6235,4279,367,734,1469,2939,4630,2093,5211,4096,0,0,445,1915
893,61,-29,5879,3567,7134,6077,3962,7924,7657,7123,4096,1711,5278,4221,2106,6068,5801,5267
894,61,-29,6054,3917,7834,7477,6763,5335,2479,4958,4198,2061,5978,5621,4907,4096,623,4096
895,60,-28,1724,3449,6898,5605,3019,6039,3886,7773,0,1657,5106,4096,1227,4247,2094,5981
896,59,-27,7355,6518,4844,1497,2995,5991,3791,7582,5627,4790,4096,0,1267,4263,2063,5854
897,60,-28,6972,5752,3313,6627,5063,1934,3868,7736,5180,4096,1521,4835,4096,142,2076,5944
898,56,-24,7280,6368,4545,899,1799,3598,7197,6203,5744,4832,4096,0,263,2062,5661,4667
899,59,-27,4214,237,474,949,1899,3799,7598,7004,4096,0,0,0,171,2071,5870,5276
900,56,-24,5816,3441,6882,5572,2953,5906,3620,7240,4280,1905,5346,4096,1417,4370,2084,5704
901,36,-4,6289,4386,581,1162,2325,4650,1109,2218,6033,4130,325,906,2069,4394,853,1962
902,42,-10,4437,682,1365,2731,5463,2734,5468,2744,4096,42,725,2091,4823,2094,4828,2104
903,56,-24,5488,2785,5570,2948,5897,3602,7204,6216,4096,1249,4096,1412,4361,2066,5668,4680
904,36,-4,4241,290,580,1160,2320,4640,1089,2179,4096,34,324,904,2064,4384,833,1923
905,32,0,4358,524,1048,2096,4193,195,391,783,4358,524,1048,2096,4193,195,391,783
906,62,-30,1567,3134,6269,4346,500,1000,2001,4003,0,1214,4349,4096,0,0,81,2083
907,61,-29,8006,7820,7448,6704,5216,2241,4483,774,6150,5964,5592,4848,4096,385,4096,0
908,48,-16,1548,3096,6193,4194,196,393,787,1575,524,2072,5169,4096,0,0,0,551
909,49,-17,3151,6302,4413,635,1270,2541,5082,1972,2063,5214,4096,0,182,1453,4096,884
910,61,-29,3945,7891,7591,6991,5791,3390,6780,5369,2089,6035,5735,5135,4096,1534,4924,4096
911,62,-30,2546,5093,1995,3991,7983,7774,7357,6523,626,4096,75,2071,6063,5854,5437,4603
912,61,-29,4855,1519,3039,6079,3966,7932,7672,7152,4096,0,1183,4223,2110,6076,5816,5296
913,63,-31,6112,4033,8067,7943,7694,7197,6203,4215,4128,2049,6083,5959,5710,5213,4219,4096
914,59,-27,238,477,955,1911,3822,7644,7097,6003,0,0,0,183,2094,5916,5369,4275
915,59,-27,3815,7630,7068,5945,3698,7397,6602,5013,2087,5902,5340,4217,1970,5669,4874,4096
916,57,-25,1835,3670,7340,6488,4785,1378,2757,5514,235,2070,5740,4888,4096,0,1157,4096
917,49,-17,2836,5672,3153,6306,4420,648,1296,2593,1748,4584,2065,5218,4096,0,208,1505
918,34,-2,5187,2182,4364,536,1072,2145,4291,391,5059,2054,4236,408,944,2017,4163,263
919,48,-16,783,1566,3132,6265,4338,484,968,1937,0,542,2108,5241,4096,0,0,913
920,60,-28,3875,7750,7309,6427,4663,1135,2270,4541,2083,5958,5517,4635,4096,0,478,4096
921,61,-29,891,1782,3564,7129,6066,3940,7881,7570,0,0,1708,5273,4210,2084,6025,5714
922,50,-18,6948,5705,3219,6438,4685,1179,2358,4716,5796,4553,2067,5286,4096,27,1206,4096
923,54,-22,1240,2481,4962,1733,3467,6935,5679,3167,0,1073,4096,325,2059,5527,4271,1759
924,63,-31,6335,4479,767,1535,3070,6140,4088,8176,4351,4096,0,0,1086,4156,2104,6192
925,63,-31,8160,8128,8065,7939,7686,7181,6170,4148,6176,6144,6081,5955,5702,5197,4186,4096
926,52,-20,104,208,416,833,1667,3334,6668,5145,0,0,0,0,387,2054,5388,4096
927,50,-18,2098,4197,203,407,815,1631,3263,6527,946,4096,0,0,0,479,2111,5375
928,63,-31,4862,1533,3066,6133,4075,8150,8109,8027,4096,0,1082,4149,2091,6166,6125,6043
929,58,-26,7862,7532,6872,5553,2915,5830,3469,6938,6198,5868,5208,4096,1251,4166,1805,5274
930,52,-20,5684,3177,6354,4517,843,1687,3374,6749,4404,1897,5074,4096,0,407,2094,5469
931,59,-27,5307,2422,4845,1498,2997,5995,3799,7599,4096,694,4096,0,1269,4267,2071,5871
932,61,-29,7006,5821,3450,6900,5608,3024,6049,3907,5150,4096,1594,5044,4096,1168,4193,2051
933,58,-26,7814,7436,6681,5171,2151,4303,414,829,6150,5772,5017,4096,487,4096,0,0
934,61,-29,1658,3316,6633,5075,1958,3917,7835,7478,0,1460,4777,4096,102,2061,5979,5622
935,54,-22,6764,5336,2481,4963,1734,3469,6938,5684,5356,4096,1073,4096,326,2061,5530,4276
936,52,-20,3177,6355,4519,847,1694,3388,6777,5362,1897,5075,4096,0,414,2108,5497,4096
937,60,-28,2532,5065,1938,3877,7755,7319,6446,4700,740,4096,146,2085,5963,5527,4654,4096
938,57,-25,1209,2418,4836,1480,2960,5921,3651,7303,0,818,4096,0,1360,4321,2051,5703
939,36,-4,6415,4639,1087,2175,4351,511,1022,2044,6159,4383,831,1919,4096,255,766,1788
940,63,-31,4089,8179,8166,8141,8091,7990,7789,7387,2105,6195,6182,6157,6107,6006,5805,5403
941,54,-22,6582,4972,1752,3504,7008,5824,3457,6914,5174,4096,344,2096,5600,4416,2049,5506
942,48,-16,5637,3082,6164,4137,83,167,334,669,4613,2058,5140,4096,0,0,0,0
943,58,-26,1338,2677,5355,2519,5038,1885,3771,7542,0,1013,4096,855,4096,221,2107,5878
944,59,-27,6892,5593,2995,5991,3790,7581,6971,5751,5164,4096,1267,4263,2062,5853,5243,4096
945,59,-27,3310,6620,5049,1906,3813,7626,7060,5929,1582,4892,4096,178,2085,5898,5332,4201
946,57,-25,3667,7335,6478,4765,1339,2679,5358,2525,2067,5735,4878,4096,0,1079,4096,925
947,59,-27,5050,1909,3818,7637,7082,5973,3754,7509,4096,181,2090,5909,5354,4245,2026,5781
948,42,-10,6826,5460,2728,5457,2723,5446,2701,5403,6186,4820,2088,4817,2083,4806,2061,4763
949,54,-22,2614,5228,2264,4529,866,1732,3464,6928,1206,4096,856,4096,0,324,2056,5520
950,49,-17,5665,3139,6278,4365,538,1077,2155,4311,4577,2051,5190,4096,0,0,1067,4096
951,53,-21,430,861,1722,3444,6889,5587,2982,5964,0,0,378,2100,5545,4243,1638,4620
952,58,-26,3736,7473,6755,5319,2447,4894,1597,3195,2072,5809,5091,4096,783,4096,0,1531
953,61,-29,6390,4588,984,1968,3937,7874,7557,6922,4534,4096,0,112,2081,6018,5701,5066
954,48,-16,5652,3113,6226,4261,331,663,1327,2654,4628,2089,5202,4096,0,0,303,1630
955,60,-28,5308,2424,4849,1507,3014,6029,3867,7734,4096,632,4096,0,1222,4237,2075,5942
956,54,-22,7277,6362,4533,874,1749,3499,6999,5806,5869,4954,4096,0,341,2091,5591,4398
957,58,-26,3421,6842,5492,2793,5587,2982,5964,3736,1757,5178,4096,1129,4096,1318,4300,2072
958,52,-20,7473,6755,5318,2445,4891,1591,3182,6365,6193,5475,4096,1165,4096,311,1902,5085
959,58,-26,4538,885,1771,3542,7084,5977,3763,7526,4096,0,107,1878,5420,4313,2099,5862
960,51,-19,6860,5529,2867,5734,3276,6553,4915,1639,5644,4313,1651,4518,2060,5337,4096,423
961,51,-19,3279,6559,4927,1662,3324,6649,5107,2023,2063,5343,4096,446,2108,5433,4096,807
962,63,-31,4046,8092,7992,7792,7392,6593,4995,1798,2062,6108,6008,5808,5408,4609,4096,0
963,56,-24,3596,7193,6194,4196,201,403,806,1612,2060,5657,4658,4096,0,0,0,76
964,50,-18,3225,6450,4708,1225,2450,4901,1610,3220,2073,5298,4096,73,1298,4096,458,2068
965,41,-9,6441,4690,1188,2377,4754,1316,2633,5267,5865,4114,612,1801,4178,740,2057,4691
966,38,-6,2342,4685,1178,2356,4712,1233,2467,4934,1958,4301,794,1972,4328,849,2083,4550
967,52,-20,1677,3355,6710,5228,2265,4530,868,1736,397,2075,5430,4096,985,4096,0,456
968,54,-22,3473,6946,5701,3210,6420,4648,1104,2209,2065,5538,4293,1802,5012,4096,0,801
969,40,-8,4418,645,1291,2582,5164,2136,4272,352,4096,133,779,2070,4652,1624,4096,0
970,48,-16,704,1409,2818,5637,3083,6167,4142,93,0,385,1794,4613,2059,5143,4096,0
971,59,-27,187,375,750,1501,3002,6004,3816,7633,0,0,0,0,1274,4276,2088,5905
972,58,-26,7075,5958,3724,7448,6704,5216,2240,4480,5411,4294,2060,5784,5040,4096,576,4096
973,48,-16,768,1536,3072,6145,4099,7,15,31,0,512,2048,5121,4096,0,0,0
974,62,-30,62,125,251,503,1007,2014,4028,8057,0,0,0,0,0,94,2108,6137
975,60,-28,7922,7652,7112,6033,3875,7750,7309,6426,6130,5860,5320,4241,2083,5958,5517,4634
976,52,-20,4660,1129,2258,4516,841,1682,3365,6730,4096,0,978,4096,0,402,2085,5450
977,41,-9,5268,2345,4690,1188,2377,4755,1319,2639,4692,1769,4114,612,1801,4179,743,2063
978,61,-29,5278,2365,4731,1271,2542,5085,1979,3958,4096,509,4096,0,686,4096,123,2102
979,59,-27,7917,7643,7095,5999,3806,7613,7034,5876,6189,5915,5367,4271,2078,5885,5306,4148
980,61,-29,3560,7121,6050,3908,7816,7441,6690,5188,1704,5265,4194,2052,5960,5585,4834,4096
981,34,-2,2185,4371,550,1100,2200,4401,611,1222,2057,4243,422,972,2072,4273,483,1094
982,49,-17,2444,4888,1585,3171,6342,4492,793,1586,1356,4096,497,2083,5254,4096,0,498
983,50,-18,3172,6345,4498,805,1611,3223,6447,4703,2020,5193,4096,0,459,2071,5295,4096
984,62,-30,1214,2428,4856,1521,3042,6084,3976,7952,0,508,4096,0,1122,4164,2056,6032
985,56,-24,7712,7232,6272,4352,513,1026,2052,4105,6176,5696,4736,4096,0,0,516,4096
986,39,-7,19,39,78,157,314,628,1257,2515,0,0,0,0,0,180,809,2067
987,58,-26,5030,1869,3739,7479,6767,5343,2495,4991,4096,205,2075,5815,5103,4096,831,4096
988,63,-31,1790,3581,7162,6132,4072,8145,8098,8004,0,1597,5178,4148,2088,6161,6114,6020
989,58,-26,7816,7441,6691,5190,2189,4378,565,1131,6152,5777,5027,4096,525,4096,0,0
990,53,-21,2262,4525,858,1717,3434,6868,5545,2899,918,4096,0,373,2090,5524,4201,1555
991,53,-21,5798,3404,6809,5427,2663,5327,2463,4926,4454,2060,5465,4096,1319,4096,1119,4096
992,62,-30,1660,3321,6642,5093,1994,3989,7979,7767,0,1401,4722,4096,74,2069,6059,5847
993,50,-18,7342,6493,4794,1397,2795,5591,2991,5983,6190,5341,4096,245,1643,4439,1839,4831
994,63,-31,3775,7550,6908,5624,3057,6115,4039,8078,1791,5566,4924,4096,1073,4131,2055,6094
995,60,-28,7965,7738,7284,6376,4560,928,1857,3714,6173,5946,5492,4584,4096,0,65,1922
996,52,-20,7429,6667,5143,2094,4188,184,368,737,6149,5387,4096,814,4096,0,0,0
997,56,-24,1475,2951,5903,3614,7229,6266,4341,490,0,1415,4367,2078,5693,4730,4096,0
998,61,-29,980,1960,3920,7840,7488,6785,5379,2567,0,104,2064,5984,5632,4929,4096,711
999,32,0,5134,2077,4155,118,237,474,949,1898,5134,2077,4155,118,237,474,949,1898
