img_idx,true_lbl,pred_c,h1_b0_0,h1_b0_1,h1_b0_2,h1_b0_3,h1_b0_4,h1_b0_5,h1_b0_6,h1_b0_7,h1_b1_0,h1_b1_1,h1_b1_2,h1_b1_3,h1_b1_4,h1_b1_5,h1_b1_6,h1_b1_7,z2_0,z2_1,z2_2,z2_3,z2_4,z2_5,z2_6,z2_7,z2_8,z2_9
0,5,5,07c8,0000,073e,07b6,0000,06b6,078a,0784,07de,0765,07ec,0000,080d,07e1,0796,0000,-0.685059,-4.422237,-5.195801,-2.151367,-2.967117,2.968262,-2.039429,-2.657227,-0.339355,0.479492
1,2,2,07a2,0000,07f9,05e7,0000,0000,0720,07a2,07f9,0000,07af,0000,079f,07fa,07e1,080c,-1.453705,-1.594070,2.839996,-0.319214,-5.272522,-0.701219,-0.973450,-4.963142,0.769775,-3.436661
2,8,8,071f,0000,0792,07a6,0000,0696,07c1,0801,07c7,0745,07eb,0000,07c4,07c2,06ab,07ed,-3.021729,-0.532490,-2.872070,-3.078613,-1.549812,-2.758240,-1.550049,-1.061035,1.779175,-0.697021
3,1,1,07a9,0000,075e,07b2,0000,0000,078d,0807,07d7,0000,07ea,0000,069f,07cc,0779,07c9,-1.141479,0.926758,-1.311523,-5.686523,-0.756485,-1.201782,0.005127,-0.858398,0.745483,-1.327148
4,7,7,0769,0000,0000,079b,0000,07ba,07b3,0707,0707,0000,07cc,0000,0782,0806,0000,07f6,-4.585937,-1.674500,-0.475342,-0.421387,-0.576485,-0.476440,-2.913330,3.182007,-1.037109,-1.752319
5,2,2,07b2,0000,080d,0000,0000,0791,072c,0796,07c3,0000,0779,0000,07df,0810,0784,080e,-1.187012,-3.724670,3.674805,1.791016,-7.474854,-1.687500,-3.369141,-2.677246,-0.360107,-2.137695
6,6,6,079d,0000,07e1,0748,0000,0000,076b,07f6,07cb,0808,0803,0000,07a5,07ba,07ec,07c1,-0.095703,-5.639648,-4.854492,-0.558594,0.046860,-1.300903,3.732422,-3.454590,1.103027,-3.128235
7,2,2,079e,0000,07ee,0709,0000,0756,0743,076d,07d7,0000,078b,0000,078c,07fe,07c1,0816,-2.202148,-1.492340,3.436523,0.544922,-4.585968,-1.364334,-2.002930,-2.753418,-0.102295,-3.337097
8,6,6,0769,0000,07c4,0771,0000,0000,072f,07fa,07d6,0806,07f3,0000,0000,0784,07db,0811,-1.794922,-2.113281,-3.110352,-0.530273,1.716240,-2.993500,3.483398,-2.045898,0.924805,-4.722534
9,5,5,07af,0000,0000,07a5,0000,0782,072e,0000,07df,0000,07ee,0000,07e3,0810,073a,07d3,-2.770508,-2.104828,-2.296875,-0.791992,-3.464081,3.369141,-2.823242,-0.015381,-1.300293,-1.396240
10,0,0,082c,0000,0831,07e4,0000,07b4,0000,0809,0000,0790,07ea,0000,081b,081c,07d5,07ec,6.060547,-8.435425,0.482422,-2.867187,-7.830750,-1.501831,-3.574219,-1.949219,-2.972656,-1.959961
11,5,5,07bd,0000,0734,07c1,0000,0723,0719,06a2,07df,0727,081c,0000,0803,07e3,079d,0781,-0.802002,-2.756836,-6.373779,-1.573242,-2.789047,4.561340,-1.407227,-1.903946,-0.948975,-0.911926
12,9,9,0798,0000,0000,07f7,0000,078a,07c1,07b7,07d5,0000,0801,0000,07f6,076f,0000,075d,-2.240234,-0.907959,-6.065430,-4.322754,-0.815880,0.271362,-2.948242,-1.032227,-1.367065,1.548340
13,3,3,0715,0000,07f7,0000,0000,07d7,07e4,0741,07d0,0000,0782,0000,0821,0804,0741,07fa,-5.925293,-5.866943,0.111816,3.374023,-7.674543,-3.070801,-5.738770,-3.181763,-0.469482,1.084961
14,4,4,0787,0000,0000,07d9,0000,0000,0799,07df,074d,07e7,080a,0000,07aa,0000,07aa,07c7,-0.974609,-2.499023,-7.345093,-2.901367,3.860573,-1.231934,1.454590,0.460449,0.427734,-2.061768
15,4,4,07d7,0000,0000,0819,0000,0785,07e6,07fb,07bd,06e8,0805,0000,075c,0727,07b8,07dc,-2.449219,0.986816,-4.591309,-8.734863,3.500092,-3.098389,-1.779785,0.277344,-1.562012,-0.750488
16,2,2,0802,0000,0819,0760,0000,0800,07ae,0792,081b,0000,06e0,0000,07ec,081c,07da,0832,-4.752930,-3.536133,6.470703,1.000488,-9.246948,-3.670746,-4.899414,-4.844971,-4.681213,-2.049927
17,4,4,07c7,0000,0000,0804,0000,0000,079d,07f8,0775,07c0,0816,0000,070f,0758,07cf,07d3,-0.160645,-0.580078,-6.198975,-6.498291,4.434036,-1.051270,1.260254,0.748047,-0.187988,-2.865723
18,9,9,0772,0000,0000,07f3,0000,0797,07e6,07c2,0791,0000,0808,0000,07d1,0791,05ea,07a6,-3.894012,-0.947388,-5.901093,-4.357056,0.856567,-1.486526,-2.798340,0.763916,-0.604828,0.900269
19,9,9,07e4,0000,07d4,07e1,0000,07ef,079e,0801,082a,077e,07f7,0000,0838,07c5,0000,0807,-3.611328,-2.135986,-3.933594,-1.819336,-7.800964,-2.246582,-5.185547,-4.411133,-4.224609,1.904297
20,6,6,07ac,0000,07d1,0766,0000,0000,06d8,07f2,07a6,0803,07fa,0000,0748,07c1,07f0,07d8,0.622559,-4.546875,-3.506348,-1.001953,1.007645,-1.109406,3.841797,-2.028564,0.714355,-4.211792
21,3,3,0732,0000,0793,071d,0000,07c6,0723,0000,07c0,0000,07ac,0000,07da,0803,0000,0807,-3.877930,-1.788635,0.890625,2.280273,-4.558899,0.067993,-3.457520,0.324219,-1.475586,-1.592590
22,8,8,078b,0000,07e8,07cd,0000,068f,0814,0811,07bd,07a5,081f,0000,082e,0821,07ec,07c2,-4.342285,-9.123291,-7.776611,-3.586670,-3.733223,-2.497681,-2.697937,-4.137695,4.097656,-0.184570
23,1,1,0761,0000,0788,07d0,0000,073b,07c5,080d,07da,0000,07e0,0000,070d,07d1,06f9,0812,-3.943604,1.861771,-0.578125,-5.057617,-0.689972,-4.141846,-1.796875,-0.217773,1.060059,-1.773926
24,2,2,07a7,0000,07cb,0760,0000,0754,0797,07da,07cc,0000,0793,0000,0788,0806,072c,07ee,-2.284180,-1.651489,1.870117,-1.993164,-3.836060,-1.834808,-2.141602,-1.030762,0.398193,-1.355835
25,5,5,07d0,0000,073f,07b4,0000,0778,071b,0000,07c5,0000,0807,0000,0803,07eb,079e,0666,0.061279,-3.583527,-4.687256,-1.666748,-3.213501,4.424683,-1.920654,-1.302856,-1.703644,-0.199219
26,6,6,079b,0000,07c8,0792,0000,0000,0000,07f9,07ee,0808,0816,0000,079b,07b0,07cf,07f8,-0.750000,-3.140625,-5.761719,-0.824219,0.204109,-0.637573,3.434570,-2.625000,0.414062,-3.934937
27,0,0,0829,0000,0824,0817,0000,07bd,0763,0820,0000,0718,0809,0000,0826,081d,07e8,07d9,6.103027,-7.596008,-1.513672,-6.574219,-6.752502,-1.617187,-4.488281,-1.840332,-2.663574,-1.363281
28,3,3,07f2,0000,082c,0772,0000,07e9,07bc,0830,082d,0815,07f6,0000,0828,0819,077d,0832,-4.281250,-7.866821,-2.265625,1.693359,-9.230957,-6.293335,-1.791016,-5.529297,-2.167969,-1.222656
29,4,4,07e2,0000,0000,0811,0000,0747,07bd,07e6,0792,0751,0814,0000,0000,07a5,07d2,07e3,-0.887695,0.412308,-4.584717,-7.916016,3.772339,-0.880127,-0.386719,1.096680,-1.337891,-2.717285
30,6,6,0786,0000,07c9,0747,0000,0000,074b,07ff,07f5,0805,0805,0000,07a6,07a6,07cc,07e9,-1.496094,-3.489258,-4.866211,-0.530273,-0.332779,-1.492279,3.212891,-3.339111,0.944824,-3.072449
31,7,7,07e5,0000,0702,081b,0000,080c,0815,0817,07a2,0000,0807,0000,07ce,0835,0687,0838,-8.958496,-1.629272,-1.506104,-6.853638,-0.256073,-6.362183,-6.660156,5.678223,-3.251099,-1.311035
32,2,2,07dd,0000,0820,07c8,0000,07a7,07d8,083a,07e3,0000,06b4,0000,07d0,083a,07f1,083a,-2.399048,-3.978455,6.793945,-4.800903,-7.196442,-7.832520,-4.015625,-3.790283,1.324890,-3.523438
33,6,6,078e,0000,07d1,0785,0000,0000,07c2,0838,082e,083a,0834,0000,07aa,07c3,07dd,0832,-5.865234,-3.582031,-8.867187,-1.360352,1.290184,-4.964905,5.382812,-4.417969,1.869141,-5.006958
34,6,6,07c8,0000,07d7,07ab,0000,0000,0000,0801,07af,0812,0816,0000,0000,07cf,080e,07f1,1.058594,-4.867188,-4.812500,-1.954102,2.494553,-0.834290,5.289062,-1.983398,0.461914,-5.969482
35,6,6,07cd,0000,0805,077a,0000,0000,0000,0807,07eb,0815,083f,0000,0806,0813,0817,07e3,1.097656,-8.801758,-7.969727,0.011719,-2.946960,1.680054,4.197266,-5.071289,1.488281,-5.318970
36,6,8,078d,0000,07bf,07c3,0000,0000,06f7,07f1,0795,072f,080b,0000,079a,07d8,07d3,07ec,0.552734,-0.919922,-2.298340,-3.572266,-1.265472,-0.219666,0.265625,-1.393311,1.111816,-3.364746
37,5,5,07d3,0000,074a,078c,0000,0736,069d,0000,07f9,0779,0814,0000,081c,07ff,07ae,0000,-0.319336,-4.981918,-6.608887,-0.466064,-4.739075,5.878418,-1.442627,-3.161743,-1.213379,-0.226807
38,0,0,0839,0000,0828,0818,0000,075d,0000,082f,0000,07c9,0824,0000,0810,0821,0812,0813,7.218750,-7.744476,-2.496094,-7.062500,-4.184875,-1.656982,-1.616211,-1.769531,-1.797852,-5.122559
39,9,9,07df,0000,07c9,07c9,0000,07b7,07cd,07ee,07ce,0752,07c2,0000,0804,07e4,07b6,07aa,-1.409180,-4.556641,-1.775879,-3.412109,-3.564514,-2.042603,-2.945313,-2.388672,-1.439453,0.648926
40,1,1,070c,0000,0760,07dc,0000,0774,07b0,07c7,07d1,0000,07ec,0000,07b9,07b0,076d,0820,-4.562500,1.377991,-1.869141,-2.464844,-0.574421,-2.714722,-2.964600,-0.431641,0.048340,-2.293457
41,7,7,07a8,0000,0000,07d3,0000,07af,07aa,07c5,0758,0000,07e5,0000,0000,07cc,0580,0808,-3.450424,1.069565,-0.951714,-3.366989,1.052734,-2.175240,-2.175125,3.193024,-1.615723,-1.945313
42,9,9,07e3,0000,07fc,07c5,0000,0823,07c7,081b,083e,0796,07b4,0000,0821,07a8,0000,082a,-6.523437,-0.843750,0.529297,-0.906250,-8.814606,-7.302856,-5.198242,-4.569336,-6.588867,2.114990
43,6,6,07a9,0000,07d1,0770,0000,0000,0772,07f3,0786,0804,07ea,0000,0702,07c5,07f1,07e5,-0.205566,-4.870117,-3.028564,-1.074219,1.752792,-2.250793,3.462891,-1.526367,1.039795,-4.281982
44,5,5,07c3,0000,0000,07c2,0000,079c,0700,0000,07fb,0000,07fb,0000,0808,07f1,0000,07a1,-2.083984,-1.957642,-4.114258,-1.021484,-4.277802,3.828308,-3.289062,-1.153076,-2.479980,0.267578
45,7,7,0756,0000,0000,07d9,0000,07ba,07b8,0784,074c,0000,0801,0000,07d7,07a7,070c,07d3,-3.246094,-0.995300,-4.367188,-1.960449,0.018097,-0.610352,-2.812500,1.532715,-1.338379,-0.319092
46,5,5,07cf,0000,0754,07cd,0000,0000,06ed,0000,07c8,0000,0822,0000,07f9,07de,07ae,076f,0.410156,-2.481445,-6.271484,-2.484863,-2.292221,4.903198,-1.332031,-1.580811,-0.894775,-1.272461
47,2,2,07bd,0000,07f1,06c6,0000,0784,062d,076c,07f3,0000,06f6,0000,077e,07de,07bd,0807,-1.316895,-0.971008,4.317505,0.284241,-5.113388,-1.251236,-1.651245,-3.740082,-1.346741,-2.447174
48,7,7,07a6,0000,0000,07e4,0000,07d1,07ea,07ca,076d,0000,07c7,0000,07cc,0806,0707,07e5,-5.087891,-2.556763,-1.597900,-3.455566,-0.436630,-2.489624,-4.264160,2.545898,-1.457520,-0.112305
49,5,5,0788,0000,0000,07cd,0000,0000,075f,0000,07f7,0000,0807,0000,0806,07cb,079e,076f,-1.660156,-1.937500,-5.782227,-2.063477,-2.605751,3.926636,-2.099609,-3.181152,-0.275635,-0.204102
50,0,0,07ed,0000,07d7,07c3,0000,0000,0000,0801,079f,07a7,07ec,0000,07e1,07d9,07ca,0700,3.733398,-4.648438,-3.078125,-4.066406,-2.625610,0.746155,0.354492,-2.463867,-0.220825,-1.129395
51,8,1,07df,0000,07ad,081c,0000,06f3,07c9,0824,0816,0000,081e,0000,07eb,077d,0786,0816,-2.126953,2.507103,-5.313477,-9.114258,-1.549377,-3.393311,-3.135742,-3.353516,-0.529297,-0.766113
52,5,5,07b8,0000,077b,0795,0000,0744,0707,0000,07d8,0000,0803,0000,0811,07f9,0779,0704,-0.351562,-3.995819,-4.641602,-0.540039,-4.860168,4.501892,-2.476562,-2.334595,-0.765503,0.134888
53,5,5,07b6,0000,0715,078e,0000,074a,0000,0000,07a5,0000,080d,0000,07e3,07f9,075f,0799,-0.576172,-2.392456,-4.069824,-0.815430,-2.773712,4.166382,-1.549438,0.169922,-0.877197,-1.363159
54,3,3,07bb,0000,080c,0682,0000,07e7,07c4,0000,080f,074c,0804,0000,083e,0825,06f2,0824,-6.566406,-6.100342,-1.787354,4.992188,-11.081635,-0.612299,-6.316162,-3.982361,-2.248169,-0.236053
55,2,2,07cd,0000,07e0,07c9,0000,07f2,0799,07c8,0811,0000,06f8,0000,0791,07c7,07b0,0822,-4.446045,0.734863,4.267578,-1.809326,-4.255066,-4.553345,-3.409180,-2.950684,-4.291443,-1.416016
56,4,4,078c,0000,0720,07e9,0000,0000,0000,0803,0738,07ca,0805,0000,0000,0661,07c5,0801,0.693420,0.479492,-4.109009,-4.420868,3.722336,-1.978027,1.775574,0.941406,0.231201,-3.975342
57,0,0,080a,0000,07d6,07f1,0000,0723,0000,07d8,0000,0749,07de,0000,07b5,07da,07c8,07a6,4.265625,-3.298096,-1.085937,-5.171875,-1.192627,0.438110,-1.239746,-0.134277,-1.904785,-2.057129
58,0,0,0834,0000,081a,07f8,0000,0733,0000,082d,0792,07ee,0803,0000,0805,0812,0803,07b2,7.115234,-8.810013,-2.594482,-6.185547,-3.992249,-0.871338,0.346680,-2.953125,-1.768066,-2.823242
59,2,2,07da,0000,0809,079a,0000,07c9,0000,07f6,07a4,0662,0746,0000,07c9,07d6,0798,0809,1.118103,-1.877808,4.083984,-1.350098,-5.650848,-3.890015,-2.744141,-1.868896,-2.249847,-1.596436
60,7,7,07b2,0000,073b,07dc,0000,07da,07a9,07c9,0000,0000,07be,0000,064a,07d7,0700,0810,-3.372498,0.405396,0.945557,-2.924683,0.745361,-3.472900,-2.930664,3.890015,-2.708710,-2.036499
61,5,5,07cb,0000,076f,07b6,0000,0755,0738,0000,07dc,0000,07f6,0000,080f,07eb,078f,0000,-0.117188,-3.939606,-4.429687,-1.394531,-4.306290,4.166992,-2.621826,-2.529053,-1.363281,0.415527
62,6,6,07ae,0000,07e2,074b,0000,0000,0726,0808,07c3,07e1,0804,0000,0792,07da,07f7,07c9,0.931641,-4.332031,-2.940430,-2.090820,-1.157425,-0.982635,3.220703,-3.200439,1.352539,-3.546448
63,1,1,077a,0000,0000,07d7,0000,06d2,07b1,07e1,07d5,0000,0805,0000,0000,0798,0777,07fb,-3.290039,2.244614,-2.936035,-5.136230,1.213219,-1.505127,-0.650269,-0.139648,0.389648,-1.975586
64,3,3,0786,0000,07c9,0725,0000,07cd,07c3,064f,07c7,0000,0757,0000,0814,07f0,071f,07b4,-3.728149,-5.164246,-0.420410,1.985596,-6.034256,-0.812256,-4.701538,-2.255127,-1.505859,1.481018
65,7,7,07cb,0000,0000,07f5,0000,07cb,07dc,07d1,0000,0000,07f8,0000,07aa,080e,074b,07de,-3.617188,-2.466370,-2.537109,-4.659180,0.482773,-1.339722,-3.384766,3.805664,-1.676758,-1.038086
66,6,6,07b0,0000,07d8,0787,0000,0000,069f,07f2,07c8,07fd,0809,0000,0783,07b7,07e9,07d0,0.761719,-4.141602,-4.337402,-1.341553,0.214630,-0.531433,3.586670,-2.772156,0.510742,-3.737183
67,5,5,07ae,0000,07ba,0000,0000,0761,0777,0792,07f3,07be,07ce,0000,0801,07d1,079d,0704,-1.263672,-5.242615,-3.508789,0.515625,-4.096390,1.328125,-0.364746,-3.985107,-0.529663,0.335937
68,7,7,07dd,0000,0774,0821,0000,080d,0813,080b,0000,0000,0818,0000,0820,0839,077c,083d,-7.863281,-4.589478,-3.974609,-4.847656,-1.769562,-5.504883,-8.340332,5.129883,-2.787598,-1.415039
69,0,0,0808,0000,0801,07cc,0000,075b,06ee,0803,0750,07cf,07d5,0000,07e9,07e9,07e3,078d,4.351563,-6.794220,-1.794678,-3.341797,-2.737457,-0.807617,0.057129,-2.177612,-1.273193,-1.847168
70,9,9,07d2,0000,07d3,0791,0000,07c4,07a8,0777,07cf,0000,079e,0000,0816,07f0,0765,078c,-1.488281,-5.180542,-1.094727,-0.165039,-6.143356,0.028503,-4.346680,-2.631836,-2.159668,1.439331
71,0,0,0802,0000,07e2,07f7,0000,0688,0000,0811,075c,07c3,07f8,0000,07a1,07c3,07e5,07ed,3.877441,-2.855692,-2.126465,-5.723633,0.061035,-1.820435,0.531189,-1.014160,-0.796875,-3.574463
72,3,3,07a6,0000,07bd,074f,0000,07ca,0000,0000,07a5,0000,07bd,0000,07ed,07e9,0000,0800,-1.973633,-2.132324,0.498535,2.029297,-4.969833,0.185211,-3.621094,0.174316,-2.513672,-1.149353
73,8,8,0781,0000,0813,0783,0000,0000,080e,07e9,0801,078e,0827,0000,0839,083c,07ff,0807,-6.093750,-9.406250,-5.809570,-0.300781,-7.725304,-1.525360,-3.433594,-6.992676,4.268555,-1.635010
74,2,2,078e,0000,07b3,07a6,0000,07e1,0734,07b1,0804,0000,0706,0000,078f,0787,0753,0810,-3.665039,1.618408,2.995117,-0.728027,-3.524025,-3.197327,-2.733887,-1.938477,-3.577698,-0.922607
75,5,5,0789,0000,07c0,0748,0000,0000,078d,0000,07d4,077f,07dd,0000,080e,07d9,07cd,073e,-1.044922,-5.643555,-4.052734,0.640625,-3.999802,2.269409,-1.410645,-4.543945,0.702148,-0.288391
76,8,8,0761,0000,07ba,07fa,0000,0753,07ee,083d,07bf,0698,0827,0000,07df,0815,0755,0828,-4.647095,-0.420990,-4.085449,-6.780273,-2.047882,-5.150757,-3.073730,0.610229,2.956177,-2.333740
77,2,2,07c1,0000,080c,0000,0000,07c8,0711,0747,07eb,0000,0000,0000,07a7,0809,07a2,0827,-2.853516,-2.004211,6.084961,2.267578,-7.071213,-2.617187,-3.310547,-2.905518,-2.166016,-2.953125
78,3,3,0000,0000,07d9,0708,0000,07aa,07b6,0000,07df,0000,07a8,0000,081e,07ed,0701,07f5,-4.642090,-4.201050,-1.127930,3.122559,-6.957031,-0.993469,-4.981445,-3.437500,-0.083496,0.514496
79,5,5,07ba,0000,0000,07c6,0000,071b,078f,0000,07b6,0000,0813,0000,07e1,0803,07a3,078a,-1.787109,-2.971817,-5.176758,-2.398437,-1.469070,3.906006,-1.766357,-0.240723,-0.402832,-1.324707
80,9,5,0763,0000,0000,07d5,0000,0744,07b8,07bd,07ac,0000,0807,0000,07d8,079c,075a,0799,-2.259766,-0.900116,-5.375000,-3.593262,-0.210487,0.276245,-1.776367,-0.499023,0.179687,0.005615
81,3,3,068c,0000,07de,0000,0000,079d,07d2,0764,07a8,0000,07c3,0000,081b,0805,06a0,07cf,-4.239502,-5.691833,-1.778320,2.400391,-6.554494,-1.212158,-4.623535,-2.344604,0.952148,0.940308
82,2,2,07b2,0000,07fa,0706,0000,07ab,0797,07bd,07eb,0000,0000,0000,07bf,0801,07b8,0807,-2.802734,-2.594604,4.223633,-0.066406,-5.819580,-2.917023,-2.757812,-3.499512,-0.843750,-1.572327
83,7,7,07a5,0000,0000,07c4,0000,07c9,07cb,0753,075e,0000,07c1,0000,077b,080a,06f0,07f5,-4.929199,-1.854370,-0.118896,-1.721191,-0.346786,-1.066406,-3.389648,3.109009,-1.800781,-1.400635
84,9,9,07b7,0000,07aa,07c1,0000,07be,07c7,074a,07c2,0000,07a8,0000,0815,07d4,0766,0713,-2.061523,-4.961304,-2.780762,-0.921875,-4.242722,0.071594,-4.284180,-2.270264,-1.781433,2.033447
85,6,6,0795,0000,07ea,0753,0000,0000,073f,0801,07d2,07dc,07fb,0000,071a,07a6,0804,07e5,0.266113,-2.916016,-1.987793,-2.016602,-0.348564,-2.028290,3.535156,-4.064697,1.207275,-4.067627
86,8,8,0769,0000,07d5,07d9,0000,0000,080d,083c,080e,06a8,0805,0000,0797,07f8,07cc,0839,-7.202148,1.051758,-1.023437,-7.375977,-1.789619,-7.778687,-2.121094,-3.725098,3.581299,-2.504639
87,1,5,07c0,0000,076c,0820,0000,07b7,07a1,07b4,07f7,0000,0810,0000,0834,07b0,07a8,0818,-2.871094,-1.128906,-6.362305,-3.519531,-2.868561,-0.391357,-6.248535,-2.378906,-2.519043,-0.684082
88,0,0,0831,0000,0800,0821,0000,0000,0000,081d,073f,0791,0822,0000,07f8,0804,07fb,07c5,7.265625,-5.060547,-4.333862,-9.330078,-1.887634,0.750000,-1.163818,-1.165039,-2.014648,-3.065430
89,1,8,07ac,0000,0785,07cc,0000,0000,076d,07fb,07dc,0000,0810,0000,0751,07f2,07b9,07ec,-1.200684,0.501953,-2.312500,-5.324219,-1.174973,0.162109,-0.044434,-1.051758,0.747559,-2.852051
90,2,2,07f2,0000,081e,0703,0000,0000,05f6,07ce,0828,0000,07dc,0000,07d0,0828,0816,0834,-1.176514,-2.584717,4.643250,-1.089844,-8.860229,-0.110710,-1.246582,-8.197983,0.231506,-5.660767
91,9,9,07d0,0000,07a7,07c5,0000,07c3,07d2,079b,07c2,0000,07c6,0000,0814,07df,0795,0724,-1.982422,-5.131592,-3.009277,-2.089844,-3.968018,-0.238403,-3.999023,-2.103027,-1.879822,1.821045
92,4,4,0755,0000,0753,07e8,0000,0000,070c,07f3,078a,07e1,07fc,0000,0000,0747,0795,081f,-1.469727,0.515625,-3.777100,-2.627930,3.495640,-2.988647,0.990479,1.133667,0.379395,-4.512695
93,9,7,07bb,0000,0787,0817,0000,07e0,0827,0806,07f9,0000,07d8,0000,07ee,0826,07c7,0829,-10.060547,-2.993896,-1.458984,-6.603516,-0.987640,-6.449707,-6.513672,-0.333008,-0.690430,-0.774414
94,1,1,0727,0000,07ce,0760,0000,07b3,06d9,07d7,0826,0739,07c5,0000,079d,073f,0737,081d,-4.318359,2.981628,1.035156,-0.381836,-4.744415,-2.954926,-1.277344,-4.558350,-1.742920,-1.355347
95,2,2,0817,0000,081f,07c3,0000,0792,075f,07df,083f,0000,076e,0000,0789,081e,080a,0835,-1.760254,-1.150513,7.042969,-3.942871,-8.056458,-2.285095,-2.463867,-7.892578,-2.955811,-4.281738
96,7,7,07bc,0000,0733,07af,0000,07cf,07a1,0787,071d,0000,07ca,0000,0000,07eb,0688,0802,-3.586182,-0.346191,0.649780,-1.677002,-0.091660,-1.677612,-2.412476,3.512207,-2.533691,-1.862793
97,8,8,07a9,0000,07d0,0805,0000,07b3,07f0,080c,0811,0000,082f,0000,080c,0835,070f,083a,-7.421875,-1.433411,-4.249512,-4.326660,-5.493301,-2.615967,-5.540039,-1.078125,0.269043,-1.971191
98,4,4,07ce,0000,0769,0807,0000,0000,0722,0806,066f,0809,0805,0000,0000,07bf,07f5,0801,1.226563,-3.451172,-5.174500,-4.702637,5.508835,-1.770996,2.818024,1.411621,-0.109253,-5.490601
99,2,2,07cd,0000,0802,078a,0000,07e7,076e,07bd,07df,0000,0000,0000,07c5,07ed,0784,081f,-2.738281,-1.508179,4.964844,0.417969,-6.032898,-4.160522,-3.972656,-1.832520,-3.354492,-1.575195
100,6,6,078b,0000,07d4,0760,0000,0000,074e,0804,07c7,0804,07da,0000,0000,079d,07dd,080b,-1.113281,-2.933594,-2.009766,-0.840820,1.231621,-3.578949,3.205078,-2.074219,1.075195,-4.444702
101,9,9,0777,0000,078b,07ad,0000,076e,07e4,076c,07b2,0000,07c5,0000,0809,07de,0799,0724,-3.293945,-4.944122,-3.593262,-1.584961,-2.701317,-0.217224,-3.416992,-2.481201,0.509338,1.314941
102,3,3,06d1,0000,07ea,0652,0000,07b1,07a1,0000,07c8,06cb,07be,0000,0812,07e8,0787,0810,-4.272095,-3.857788,-0.176270,3.645996,-6.334092,-1.669827,-4.306274,-3.011322,-0.145020,-1.037792
103,7,7,07d1,0000,0000,082a,0000,080b,080d,0813,0000,0000,0828,0000,080d,0821,0000,0830,-7.328125,-2.397583,-5.607422,-6.238281,0.051010,-5.134033,-7.244141,6.147461,-2.986328,-0.927734
104,3,3,0703,0000,07d1,0000,0000,07b2,078e,0741,07d7,06cf,0794,0000,0810,07e6,06c8,07d0,-3.299072,-3.986084,-0.645020,2.549316,-6.558285,-0.539185,-3.855957,-2.918335,-0.499268,0.710327
105,9,9,07c8,0000,07cf,07b0,0000,07ad,07a7,07ce,07ab,0000,0784,0000,0810,07d6,0781,0790,-0.430176,-4.528809,-0.872559,-1.658203,-4.933182,-1.417603,-3.938477,-2.367676,-1.225342,1.268066
106,6,6,0712,0000,07dc,0714,0000,0000,0766,0807,07e4,07e8,07e6,0000,06a9,078b,07d7,0815,-2.268433,-1.281250,-1.452148,-0.770996,-0.134497,-4.090576,2.724609,-3.235107,1.710205,-4.159607
107,1,1,076c,0000,0761,07d1,0000,07c0,0789,07ac,07cc,0000,07a6,0000,07f8,079c,074a,0808,-3.231445,-0.390137,-1.011719,-1.066895,-2.490807,-2.129028,-4.115234,-0.788574,-1.726074,-0.543213
108,1,1,070c,0000,0773,07d2,0000,0731,07a8,07b6,0809,073a,07fc,0000,07f6,0765,0796,0809,-4.300781,0.445877,-4.247070,-1.955078,-1.995319,-1.144775,-2.460205,-3.791504,0.152344,-1.051025
109,0,0,07fb,0000,07cd,07d1,0000,0000,0000,0804,0799,07c7,07e5,0000,07d2,07bb,07ce,0762,3.845703,-4.250000,-3.285156,-4.532227,-1.125671,0.017944,0.762695,-1.980469,-0.760864,-1.502197
110,9,9,07ba,0000,0000,07e1,0000,0790,07b7,079f,0785,0000,07ec,0000,0802,07b1,0768,0733,-1.138672,-2.859436,-5.025146,-3.441406,-0.959061,0.733887,-3.059570,-0.119385,-1.296143,0.987305
111,2,2,0790,0000,0801,0000,0000,06e0,073e,07d1,07ea,0000,0793,0000,07d0,0803,0721,07e8,-0.953125,-2.440048,2.083496,-0.115234,-6.988159,-1.162598,-2.238525,-3.800781,0.963135,-1.004395
112,1,1,05e6,0000,074c,079a,0000,0785,0760,079c,07d5,06b8,07bc,0000,06d0,0767,069f,081d,-4.337463,2.783279,0.487976,-0.829712,-0.503915,-2.660126,-1.787445,-0.024780,-0.676514,-2.372086
113,6,6,079e,0000,07ae,079f,0000,0000,0755,07e9,0776,07ea,0806,0000,0000,07da,0801,07c7,0.265625,-4.197266,-3.720215,-2.533203,2.163055,-0.308228,3.623047,-1.081055,1.063477,-4.466309
114,3,3,0736,0000,07e6,0000,0000,07ad,07b5,071b,07db,0000,07b4,0000,0817,0803,074b,07df,-3.973633,-4.895996,-0.689941,2.657227,-7.354317,-0.632813,-4.371094,-3.479614,-0.066895,0.408691
115,4,4,07cd,0000,0000,0809,0000,0796,07ed,07e8,078d,074f,0809,0000,07e0,0761,0788,078a,-2.322266,-1.937805,-6.742920,-6.489746,1.937805,-1.947510,-2.404297,0.367187,-1.293457,0.918945
116,8,8,07e6,0000,0804,080b,0000,074f,0802,0817,080b,0000,0816,0000,0821,0828,0806,0838,-4.507812,-4.216797,-2.615234,-6.087891,-5.508026,-3.986084,-5.280762,-5.384766,1.446289,-2.957520
117,7,7,0804,0000,06d0,080d,0000,081a,0806,0788,0781,0000,0811,0000,07a8,0839,0702,082c,-8.735840,-2.521729,-1.390381,-3.707031,-0.105438,-2.636719,-6.174866,6.884521,-6.256592,-1.960693
118,1,1,0792,0000,07aa,0793,0000,078a,0000,07c7,0825,0724,07c7,0000,07a8,0771,0770,07f6,-2.669434,1.957275,-0.152344,-1.917969,-4.084862,-0.590271,-0.921875,-4.660156,-1.866943,-0.820801
119,0,0,0821,0000,0818,07ff,0000,0744,0799,083d,07c7,07c4,0801,0000,0824,0805,07ed,079a,5.175781,-8.001678,-3.623047,-7.091797,-5.699463,-2.434692,-1.767578,-4.673828,-0.599365,-0.385254
120,0,0,0837,0000,0804,0832,0000,0000,0000,083c,07da,07e6,083d,0000,080b,07d9,0806,07e7,6.875000,-4.718750,-7.771484,-10.398437,-1.165222,-0.362305,0.220703,-3.222656,-2.454590,-3.320313
121,4,4,0765,0000,0000,07ea,0000,0000,077c,07f0,0766,079e,0804,0000,0750,0709,07a0,07ef,-0.894531,0.515625,-4.600098,-4.477173,3.110786,-1.762329,0.422363,0.723633,0.551758,-2.661621
122,6,6,07e2,0000,080c,078d,0000,0000,07d3,082b,07f0,0822,083c,0000,07c5,080f,0829,07e5,-1.007813,-9.179688,-7.606445,-3.208984,0.005737,-2.313049,5.785156,-5.333008,2.325684,-5.274902
123,5,5,0792,0000,07a4,0721,0000,0000,071a,0000,07c3,0708,0800,0000,0809,0801,0795,0695,-0.168945,-4.917969,-4.190674,0.407959,-4.845421,4.199768,-1.501953,-2.700928,0.576767,-0.420166
124,8,8,0000,0000,07ac,0768,0000,0710,0793,07f9,07f3,0793,07ca,0000,0766,079a,0761,080f,-3.835937,0.698227,-0.644531,-1.632812,-1.485352,-3.634857,-0.244141,-2.317383,1.222168,-2.053833
125,2,2,07bc,0000,07f9,0000,0000,07c5,0000,0000,07c8,0000,0720,0000,07b6,0809,0782,0822,-2.466797,-2.118164,4.979492,2.700195,-6.155624,-1.549805,-3.453125,-1.220703,-2.201294,-3.005371
126,8,8,0000,0000,07e3,07e5,0000,0748,07fe,0836,080e,07ae,0821,0000,0812,0809,0768,0839,-7.000000,-2.017410,-5.502930,-3.826172,-4.143555,-6.188477,-3.238770,-3.441406,3.315430,-1.690918
127,8,8,07c2,0000,07ee,07e1,0000,0686,07a2,0827,0816,0000,0809,0000,07c8,0814,075a,083c,-3.426270,1.269316,0.057861,-5.454834,-5.450745,-3.814453,-3.023376,-2.937988,1.397461,-3.135010
128,3,2,0786,0000,07d5,0791,0000,07f1,07a1,07a7,07e4,077a,072b,0000,07e5,07ad,077f,080a,-4.268066,-2.130249,1.400391,1.150391,-4.094498,-4.073059,-3.325195,-2.013916,-3.176880,-0.281860
129,0,0,07d5,0000,07cd,07aa,0000,0000,0000,0800,07cf,07d4,07d8,0000,07b4,0783,07c1,0792,2.173828,-3.089844,-2.919922,-3.113770,-1.058456,-0.804993,1.570312,-2.904297,-0.363525,-1.486816
130,0,0,07ef,0000,07de,07c3,0000,0000,0000,0808,07cd,079d,07e7,0000,07aa,07c5,07c9,07c4,2.691406,-2.277344,-1.464355,-4.594727,-2.195740,-0.753845,0.608398,-2.678711,-0.487305,-2.028809
131,8,8,073e,0000,07a6,07a3,0000,0000,07cd,07de,07c9,0744,0801,0000,07ec,07dc,071b,07dd,-3.387695,-2.278809,-4.212402,-2.108398,-2.509125,-1.405151,-2.196777,-1.723633,1.899170,-0.397705
132,6,6,07a0,0000,07c8,076e,0000,0000,0000,0805,07f6,07f1,0808,0000,0791,07a5,07ce,07e3,-0.280273,-2.321289,-4.136719,-1.730469,-0.774460,-0.893799,3.116211,-3.268555,0.536133,-3.151978
133,4,4,07d7,0000,0000,080a,0000,0000,06be,07ec,0707,07f9,0821,0000,0000,078d,07e3,0802,0.998047,-1.570313,-6.887451,-5.048340,5.856537,-0.150391,2.557373,2.121826,-0.933594,-5.326172
134,3,3,07e3,0000,0828,0742,0000,07d4,0733,0814,082e,0816,0805,0000,081f,0821,073c,0838,-3.582031,-7.118652,-2.359375,3.473633,-9.509918,-3.668900,-1.238281,-4.994385,-2.047852,-2.511475
135,9,9,080c,0000,07e5,0806,0000,0829,07f6,082f,0835,079c,07fa,0000,083a,07db,0764,081c,-6.359375,-2.829346,-3.029297,-4.475586,-7.454407,-6.880371,-6.169922,-3.353516,-7.198242,2.766602
136,3,3,07a8,0000,07e1,06da,0000,07df,068c,0000,07c5,0000,0716,0000,0806,07e3,0702,0802,-2.044678,-3.120239,2.389160,3.276123,-6.959122,-1.053139,-4.480713,-1.492096,-3.103333,-0.373016
137,3,3,06d7,0000,07d7,0000,0000,07b9,07af,0000,07c6,0000,0797,0000,0819,07fe,0000,07e0,-4.119141,-4.814087,-0.670654,3.305664,-6.906366,-0.745361,-4.838623,-2.423828,-0.264160,0.667969
138,3,3,0000,0000,07d5,0000,0000,078b,07c2,0719,07ae,06d2,07c5,0000,080b,07f4,0643,07ed,-4.283325,-4.254181,-1.407410,2.643921,-5.540283,-1.184235,-4.059570,-1.933594,0.787170,0.003174
139,3,3,07b4,0000,081e,0000,0000,07f1,07ac,0822,081f,0803,07cb,0000,082d,0809,0754,0819,-4.291016,-7.282593,-1.431641,2.865234,-9.544205,-5.843750,-2.242188,-5.500977,-1.545410,0.044922
140,0,4,07c2,0000,0763,07ee,0000,0000,0776,07ff,0788,073c,0800,0000,078e,0778,07a0,07ca,0.782227,0.089844,-3.604004,-5.995605,1.020081,-1.117676,-0.438965,-0.207031,0.040527,-1.603516
141,7,7,07b0,0000,0776,07ab,0000,073d,078a,07d3,0000,0000,07e9,0000,0637,0822,0740,0817,-2.614380,-1.074295,0.812744,-2.627563,-0.935760,-0.860535,-2.129883,3.490845,0.767700,-4.072144
142,0,0,0829,0000,0823,07d6,0000,0757,0000,082b,07b1,07f7,07ff,0000,07fc,0807,0810,07e4,5.955078,-8.291199,-1.532227,-4.605469,-4.170471,-2.111450,1.177734,-4.117188,-1.476074,-3.763672
143,0,0,0829,0000,081c,07e5,0000,0700,0000,081a,07a4,07b4,080a,0000,082a,0825,0809,0739,7.187500,-10.008606,-3.085938,-5.254883,-7.207825,1.607422,-1.224365,-4.785156,-0.832886,-1.751465
144,1,1,0796,0000,07a4,07b6,0000,0000,075f,07e6,07f3,0000,07f0,0000,0767,07ba,07bc,0802,-1.666992,1.296875,-0.853516,-3.921875,-1.713806,-1.079102,-0.456543,-2.720215,0.459961,-2.526855
145,9,7,07b5,0000,0000,07e6,0000,07ee,0791,07b4,07a1,0000,07ad,0000,0802,07bd,0000,07d8,-2.613281,-1.540161,-1.801758,-1.929687,-2.120392,-1.402466,-4.606445,1.383789,-3.834473,0.819824
146,5,5,0797,0000,07bd,0742,0000,0000,0786,0000,07ba,0794,07f5,0000,080e,07de,07c9,072b,-0.623047,-6.124023,-4.966309,0.862305,-3.510452,2.623093,-1.041992,-3.555664,0.659302,-0.575928
147,8,8,07c4,0000,07df,0805,0000,0000,081c,0817,07ec,0000,0819,0000,07dd,0831,080c,07f5,-5.394531,-5.003906,-3.777344,-8.464844,-1.649887,-3.281494,-2.464844,-4.046875,3.301758,-2.183105
148,1,1,0776,0000,07c8,0759,0000,07c9,0000,07d1,0820,0793,078d,0000,076d,067f,0000,0815,-3.947632,2.407349,1.450195,0.043640,-3.776016,-3.363647,-0.831421,-3.534668,-2.914673,-1.023987
149,5,5,07a4,0000,0727,079b,0000,0723,0700,0000,07ee,0754,07f8,0000,0812,07cc,0793,0000,-0.600586,-3.673096,-5.545898,-0.537109,-3.721771,4.206665,-1.752197,-3.278076,-0.854980,0.369019
150,0,0,0830,0000,082e,0807,0000,074f,079b,0827,0000,07b3,080c,0000,0829,0828,0810,075a,7.238281,-11.349609,-3.152344,-6.718750,-6.162964,-0.797607,-2.093262,-3.977539,-0.656616,-1.591309
151,6,6,07a2,0000,0751,0786,0000,0000,071f,07f0,07e7,07d6,0805,0000,074a,079a,07cf,07bc,-0.739258,-1.474609,-4.341797,-2.988281,0.842712,0.251831,2.971191,-2.067139,0.257324,-2.641357
152,6,6,07b0,0000,07b1,0786,0000,0000,06d3,07f9,07cb,0803,0802,0000,06f6,07cc,07e5,07db,-0.079346,-3.681641,-3.908203,-1.812500,1.398224,-0.593384,3.888184,-1.626221,0.510010,-4.212158
153,6,6,07bf,0000,07be,07a5,0000,0000,06d9,07e9,077f,0800,0807,0000,0715,07d0,0802,07d6,0.992676,-4.618164,-4.079834,-1.998535,2.182236,-0.260742,3.893066,-1.135010,0.520020,-4.885498
154,6,6,0793,0000,07ac,0768,0000,0000,077c,0801,07dc,0802,07ee,0000,071d,0787,07d3,07dd,-1.422363,-2.976563,-3.970703,-1.753906,1.508881,-2.273041,3.487305,-2.329102,0.802246,-3.087036
155,1,1,0752,0000,0000,07f4,0000,0782,07b4,07c2,0808,0000,0809,0000,07f9,0742,0754,0807,-4.599609,1.599274,-5.257813,-3.407959,-1.254345,-0.956787,-3.291992,-2.384766,-0.948242,-0.377930
156,7,7,07d0,0000,0000,07f9,0000,0723,0794,07d5,077f,0000,080f,0000,0000,07d7,0764,07ff,-1.500000,1.182373,-3.072021,-5.871094,1.783447,-0.307983,-1.379883,2.433105,-0.796875,-2.763184
157,7,7,07a4,0000,0000,07e2,0000,07ba,0794,07ad,071c,0000,07ed,0000,078a,07fb,075f,080f,-3.212891,-0.341980,-1.122314,-2.727051,0.291901,-1.031860,-2.929199,3.321289,-1.557129,-2.776367
158,6,6,079c,0000,07dc,0787,0000,0000,064b,0802,07d1,07fd,0805,0000,072b,07c9,07fa,0808,-0.119629,-3.123657,-2.782715,-1.305908,0.376709,-1.797546,3.600098,-2.709824,0.945923,-5.170288
159,7,7,0785,0000,0000,07c1,0000,0797,07d6,079a,0761,0000,07db,0000,0788,0814,0725,0806,-5.423828,-1.779663,-0.935059,-2.155273,-0.292732,-1.250671,-3.225098,2.809814,0.027832,-2.099854
160,7,7,07b2,0000,0000,07e0,0000,07e2,07dd,078a,0781,0000,07d2,0000,07c8,0802,0000,07cb,-4.867187,-2.630737,-2.009033,-2.634766,-0.681885,-1.200562,-4.025879,2.703613,-2.710938,0.300293
161,8,8,07d4,0000,0803,07e7,0000,0000,07d8,0816,0834,07b7,0839,0000,082a,0821,076e,0822,-4.785156,-3.845703,-7.029297,-3.357422,-7.595551,-1.244385,-3.460938,-5.882812,1.376953,-1.271484
162,7,7,07b3,0000,0000,07d6,0000,07d7,07a8,073e,075d,0000,07e2,0000,0792,0802,0712,07fa,-4.034668,-1.284912,-1.071533,-1.731445,-0.347900,-0.282349,-3.247559,3.356934,-2.818359,-1.673828
163,3,3,0783,0000,07e8,0713,0000,07d5,07bb,0000,07dd,0000,0796,0000,0822,0803,075c,07eb,-4.268555,-5.398071,-0.163086,3.097656,-7.783920,-1.006088,-5.323242,-3.213379,-1.539307,0.720581
164,6,6,07af,0000,07ce,0790,0000,0000,0000,07eb,0776,07f1,07f7,0000,0000,07c6,0804,07d2,1.466797,-4.140625,-2.675293,-1.903320,1.559357,-0.748779,3.846680,-1.752930,0.687012,-4.755859
165,5,5,0796,0000,0796,0759,0000,0000,068b,0000,07df,0000,0804,0000,080a,0807,0795,07ad,-0.989258,-3.592041,-3.581055,0.319824,-5.310974,4.242554,-2.134766,-2.784393,0.357666,-1.231262
166,9,9,07c2,0000,079e,07c4,0000,07a1,07db,07c6,0798,0000,07ad,0000,0819,07ee,07a1,0000,-1.628906,-5.996948,-3.020020,-2.599609,-3.735779,-0.599609,-4.070801,-2.065918,-0.435547,1.859619
167,0,0,0811,0000,07f4,07ea,0000,0763,0709,07fd,06ff,07ac,07c8,0000,07d0,07e4,07dc,07a6,4.549805,-5.397949,-0.744080,-4.771484,-1.813995,-1.005005,-0.837280,-1.074707,-1.985840,-1.948730
168,3,3,080d,0000,0806,07e1,0000,07f1,06ab,07c6,0808,07e2,07f9,0000,0820,080e,0745,0820,-1.448242,-5.633667,-2.245605,1.161865,-7.071655,-0.900879,-4.050781,-1.772278,-5.517578,-1.572754
169,8,8,074c,0000,0798,0794,0000,0000,078f,07c4,07f7,0000,080b,0000,07e4,07e5,0752,07e5,-3.081055,-0.777344,-3.694336,-1.814453,-3.730873,0.743164,-1.796875,-2.680176,1.141113,-1.071045
170,0,0,0808,0000,07e8,07e2,0000,06aa,0000,07f6,0742,07ad,07e6,0000,07b1,07d5,07dd,07c7,4.177734,-4.006187,-1.511597,-4.696777,-0.985016,-0.486450,0.060547,-1.145996,-1.206055,-2.838379
171,9,9,07bb,0000,07ca,076b,0000,07b8,079f,07ac,07d1,0000,0780,0000,0804,07d5,0749,079c,-1.650391,-3.671936,-0.290039,-0.508789,-5.323578,-1.031891,-3.463867,-2.523926,-1.509033,1.237915
172,8,8,0000,0000,079f,0791,0000,0718,079e,07d9,07cc,0000,07d0,0000,07ca,07cc,04b8,0802,-3.339757,-0.153557,-1.160077,-1.460052,-2.799675,-2.237072,-2.479057,-1.307884,1.330135,-1.007187
173,1,1,07a7,0000,079b,07c4,0000,0000,071a,0801,07f7,064d,0802,0000,06e0,07c0,07ac,0804,-1.071350,2.207031,-0.990234,-5.013672,-1.410278,-1.002197,0.117432,-2.102295,0.295776,-2.848511
174,9,9,079a,0000,07ca,077f,0000,0781,07d8,07e7,07d6,07ab,07ae,0000,0803,07cd,07a7,0780,-2.522461,-5.460236,-2.956055,-1.499023,-3.119125,-2.462677,-1.575195,-3.563965,0.493164,0.948120
175,5,5,07a5,0000,0792,078a,0000,0000,0751,0000,07bd,0000,07ee,0000,07f3,0814,07c5,07d7,-1.466797,-3.908203,-1.969238,-0.345703,-3.805771,3.085571,-2.359375,-1.635742,0.615234,-2.472656
176,9,9,07df,0000,07c9,07e0,0000,07cd,0794,07c1,07d0,0000,07b4,0000,0814,07e2,0723,07d1,-1.053711,-3.503723,-1.323242,-1.988281,-5.162170,-0.973511,-5.058594,-1.504395,-3.004395,1.004395
177,5,5,078f,0000,07cf,072f,0000,0711,0776,0000,07da,0757,0801,0000,0818,07f0,07c3,07c6,-1.633789,-5.112320,-4.026367,1.523438,-5.410027,2.334335,-2.204590,-4.147461,0.471680,-1.018433
178,8,8,0743,0000,0790,078f,0000,077b,07d2,074c,07b3,0000,07c4,0000,07ec,0804,0773,07c3,-4.221680,-3.974701,-1.822266,-0.472656,-3.028679,-0.221375,-3.350098,-1.216309,0.630371,-0.172974
179,9,9,07bd,0000,078a,07c6,0000,079f,07b8,07b7,07c1,0000,07c6,0000,0814,07d6,079f,074e,-1.242188,-4.367981,-3.156738,-2.314453,-3.657578,0.197021,-3.551270,-2.272461,-1.029907,1.243652
180,9,9,07d9,0000,0797,07e2,0000,07c7,07c9,073a,07b1,0000,07d7,0000,080e,07d4,0771,0794,-2.062500,-4.170105,-3.487305,-2.019531,-2.975052,0.114624,-4.539551,-0.922607,-2.842285,1.242187
181,7,7,072f,0000,0729,079e,0000,07da,07b3,06ca,071a,0000,07c9,0000,07c3,07cf,0000,0803,-4.872559,-1.183716,-0.867676,0.715332,-1.008476,-1.828674,-3.502808,2.420715,-2.080566,-0.984619
182,9,9,079a,0000,07a0,07ad,0000,0791,07c0,0777,07c0,0000,07bb,0000,0807,07d5,0713,0782,-2.278809,-3.802795,-2.609863,-0.997070,-3.761703,-0.114197,-3.761230,-1.820312,-0.763672,1.325195
183,1,1,0000,0000,070a,07db,0000,078c,07ab,07ad,0802,0000,07f1,0000,07d7,0744,0753,0815,-5.295898,2.085114,-3.153320,-2.122070,-1.175781,-2.017334,-3.013062,-2.033203,-0.703125,-1.110352
184,9,9,07c5,0000,0797,07e0,0000,07bc,07c6,07af,07c6,0000,07b0,0000,0814,07c7,075d,0765,-1.645508,-3.996338,-3.043457,-2.636719,-3.505875,-0.734741,-4.487793,-1.948730,-1.930786,1.973145
185,5,5,0758,0000,0000,07be,0000,0000,0660,0000,07e8,06f0,081c,0000,0808,07c9,0784,079e,-1.357910,-1.542725,-6.903564,-0.927856,-2.774151,4.508057,-1.545654,-2.346069,-0.059448,-0.890137
186,4,4,07e7,0000,0717,0810,0000,077f,07dc,0806,0000,0000,07fe,0000,0735,0797,07d5,07d0,-0.538086,-0.397675,-3.224609,-8.872070,3.548584,-3.038086,-1.378784,1.459961,-0.994873,-1.548584
187,7,7,07c1,0000,0000,07e4,0000,07a4,078b,07c4,0797,0000,0802,0000,0000,07ca,0708,080a,-2.834961,1.700134,-1.766602,-4.077148,1.012283,-1.149536,-1.838867,2.720215,-2.022461,-2.388672
188,3,3,07bd,0000,07ef,0000,0000,07e0,0704,065a,07e8,0000,077b,0000,0811,0804,06d3,07fa,-2.531006,-3.997559,1.883667,3.324951,-8.590927,-0.176025,-4.724976,-2.444969,-3.109741,0.005280
189,0,0,082b,0000,080d,0812,0000,0748,0000,081d,078c,07b5,0817,0000,0826,080f,07f9,079d,7.007812,-7.904129,-4.786133,-6.800781,-4.934265,0.932129,-2.008301,-2.938477,-1.935303,-1.790527
190,4,4,07ee,0000,0000,0812,0000,075b,07d1,07fc,0747,0000,0805,0000,0000,07c1,07d1,07c2,-0.373047,-0.219025,-3.449707,-9.198242,3.544525,-1.527832,-1.024414,1.528320,-1.191406,-1.788574
191,9,9,07b5,0000,07b6,0793,0000,07b5,07ac,07e9,07e0,0780,0799,0000,0801,07c0,0764,07a4,-1.857422,-3.455017,-1.682617,-1.741211,-3.884064,-2.123962,-2.358887,-2.590332,-1.246826,1.131348
192,7,7,07cf,0000,0000,07ef,0000,0766,078b,07e5,0715,078c,080f,0000,0000,07e1,077f,0806,-1.509766,-0.133362,-3.415894,-4.851562,2.529556,-0.926880,-0.549072,3.404297,-0.925781,-3.444336
193,7,7,07d2,0000,0753,080d,0000,0822,0801,0784,0000,0000,0800,0000,0812,082c,0749,0820,-7.805664,-4.933350,-2.390625,-1.212891,-2.133591,-3.070068,-7.795654,5.355957,-5.426270,-0.647949
194,5,5,079a,0000,0796,0782,0000,0000,070f,0000,07dd,0000,0806,0000,0812,07de,079e,0773,-0.449219,-3.512695,-4.788086,-0.159180,-4.762192,3.931732,-2.105469,-3.498657,0.094238,-0.335449
195,6,8,0775,0000,07c6,078f,0000,0000,0000,0801,07f8,0768,07f8,0000,0766,07b9,07c8,0807,-0.880859,0.893555,-0.846680,-3.009766,-2.256485,-1.373718,0.837402,-3.326172,0.918945,-3.254272
196,5,5,07a0,0000,0000,07d2,0000,0747,0752,063e,07fa,0000,0811,0000,0807,07c5,0764,0782,-1.784180,-1.440720,-6.313843,-2.020264,-2.848312,3.923096,-2.353455,-2.404205,-1.280151,0.157837
197,8,8,0793,0000,0803,07cc,0000,0000,07ed,0826,07e5,0000,0829,0000,0806,0824,07c1,0818,-3.667969,-3.328125,-3.618164,-4.660156,-5.662994,-3.401367,-2.863281,-3.445312,3.618164,-2.154785
198,3,3,078b,0000,07d4,0786,0000,07e4,0792,0000,0782,0000,07a7,0000,07f3,07e6,0000,080f,-3.791016,-2.716919,0.884033,2.426758,-4.672676,-2.203247,-4.742187,0.467773,-2.689453,-0.809814
199,4,4,07ce,0000,06ea,080c,0000,0000,0000,0812,0719,07fa,0817,0000,0000,0758,07e4,080e,1.369141,-0.767578,-5.973145,-5.883545,5.717087,-2.024414,2.610107,1.821289,-0.383179,-5.422974
200,5,5,07a9,0000,07a3,0771,0000,0000,06bf,0000,07e9,0000,0814,0000,0818,080b,07b4,0775,-0.458984,-4.499512,-5.082031,-0.008301,-5.922012,5.300446,-2.017578,-3.614563,0.302002,-0.914429
201,4,4,07d2,0000,0711,080e,0000,0000,073a,0812,0000,07ee,0815,0000,0000,0785,07e7,0807,1.322266,-1.197266,-5.718750,-6.456543,5.660355,-2.109863,2.199951,1.932373,-0.202393,-5.087646
202,9,9,0791,0000,07ae,079c,0000,0769,07a7,07ba,07c3,0000,07c7,0000,080e,07c2,077c,0791,-1.271484,-3.494781,-2.793945,-1.325195,-4.109261,-0.384216,-3.178711,-2.833984,0.044922,0.928711
203,2,2,07bc,0000,07e7,07c2,0000,0801,076c,07bd,0803,0000,0000,0000,07d0,07ba,077e,082a,-4.056641,0.352417,4.214844,0.048828,-5.270859,-4.820129,-4.445312,-2.215820,-4.656250,-1.108398
204,5,5,079d,0000,077f,0795,0000,0000,074d,0000,075c,0000,07e7,0000,07ca,0804,07c9,07d3,-0.843750,-3.158203,-1.598145,-0.874023,-1.793961,2.358337,-1.615234,-0.437988,0.527832,-2.856323
205,5,5,0787,0000,0785,07aa,0000,067a,0770,0000,07e8,0000,0809,0000,081c,07de,07b2,0760,-1.229004,-3.862494,-5.806152,-0.644531,-4.496239,3.839294,-2.553345,-4.007812,0.297485,0.017822
206,2,2,0756,0000,07d0,07c4,0000,0772,070f,0804,079b,06fc,0000,0000,0000,07a6,079b,0832,-1.405762,1.794067,4.309082,-2.518555,-1.297333,-5.766357,-1.990234,-0.567993,0.218994,-3.756104
207,1,1,059f,0000,074c,0798,0000,078f,0768,0799,07d3,06f1,07be,0000,0740,0761,0000,081a,-4.374084,2.399742,0.145035,-0.570526,-0.649418,-2.632034,-1.931633,0.013245,-0.820587,-2.095249
208,3,3,0800,0000,0829,0714,0000,07d5,07ab,07d6,0823,07b9,07ef,0000,083e,0831,0791,0819,-3.444336,-8.032349,-0.598633,2.750000,-12.448059,-1.456299,-4.890625,-6.298096,-2.299805,-0.445007
209,8,8,078f,0000,07d1,07e2,0000,06e8,07ea,0820,07f7,0706,081e,0000,080e,081c,07e3,081d,-4.385742,-2.969391,-4.100586,-5.117187,-4.077019,-2.924927,-2.974121,-3.531738,3.005371,-2.586914
210,8,8,0766,0000,0810,07ac,0000,06dc,0831,0830,07f2,0754,0809,0000,082e,0836,0806,0805,-7.180664,-8.860916,-3.863770,-4.336426,-6.323784,-6.504761,-3.974243,-6.935547,5.786133,-0.331299
211,9,9,07c6,0000,07c5,07b8,0000,07a5,07ce,07cb,07a8,0760,07d6,0000,080a,07ea,07ab,0795,-1.770508,-5.446411,-3.064941,-1.878906,-3.395050,-1.082153,-2.854492,-1.920410,-0.684814,0.524414
212,3,3,07cc,0000,07e1,06da,0000,07ea,0000,0000,07ab,0000,076a,0000,0819,0807,0000,07d1,-0.985352,-5.255127,1.328613,3.209473,-8.178375,0.565758,-4.914062,-0.898560,-3.603516,0.513702
213,6,6,0763,0000,07a6,077e,0000,0000,0659,07fb,07cf,07d5,07f4,0000,067e,0754,07db,0804,-0.751892,-0.408447,-2.329346,-1.929321,0.976036,-2.068970,2.802612,-2.116150,0.840271,-4.075928
214,1,1,07e1,0000,071c,0825,0000,07da,078c,0805,0810,0000,07fd,0000,0813,0722,076d,0813,-2.291016,1.891479,-4.282227,-6.558105,-2.154419,-2.473633,-5.156738,-1.782715,-4.442871,0.259521
215,0,0,0830,0000,0812,080b,0000,0719,0000,080f,0000,07b7,080f,0000,0815,0826,07fe,079d,7.294922,-9.055786,-3.273437,-6.176758,-4.593628,1.475830,-1.789063,-1.679688,-1.659912,-2.729004
216,1,1,070f,0000,072f,07ab,0000,0718,0796,07db,07db,0000,07ca,0000,0000,0782,0711,080d,-3.814453,2.624893,-0.309570,-3.114746,-0.085173,-2.839661,-1.265503,-0.535156,0.473145,-1.897217
217,4,4,07bb,0000,0000,07fb,0000,0749,07d5,07ea,074d,0783,0802,0000,07ca,0713,07aa,079d,-1.273437,-1.792816,-6.094116,-5.745117,2.700836,-1.894165,-1.105469,0.233398,-0.215088,-0.257813
218,0,0,07e4,0000,07bc,07da,0000,0000,0000,0805,0751,0773,07ee,0000,07c6,07d1,07cb,07a2,3.396484,-2.714844,-2.350098,-5.182617,-1.125183,0.013062,-0.139648,-0.859375,-0.115479,-2.038574
219,5,5,07c3,0000,0000,07c9,0000,0754,0000,0000,07f6,0000,0808,0000,07fd,07df,074b,077c,-0.951172,-1.535278,-4.888672,-1.932617,-3.312958,4.557983,-2.215820,-1.697266,-1.816650,-0.219238
220,5,5,07d0,0000,0000,07cd,0000,0784,0000,0000,07ee,0000,0816,0000,0808,0800,0765,0789,-0.986328,-2.399841,-5.513672,-1.810547,-3.795654,5.246948,-2.501953,-1.031250,-2.208984,-0.528320
221,6,6,0797,0000,07cf,0783,0000,0000,0753,080a,07d5,0804,07f5,0000,06b7,07a6,07e7,0809,-1.100098,-2.767578,-2.908203,-1.626465,1.309616,-3.142059,3.532227,-2.359863,1.027832,-4.531494
222,6,6,07c7,0000,0811,07bb,0000,0000,06cf,083a,081c,0808,083b,0000,07b2,07dc,0823,0838,-0.433594,-2.394043,-4.416992,-3.525391,-2.078659,-3.448547,4.665527,-6.906067,1.596680,-7.125488
223,7,7,07c3,0000,0702,07d5,0000,078d,07b1,07a3,0769,0000,07f3,0000,0000,07ed,0783,0803,-3.092773,-0.067291,-1.152344,-3.636719,0.977081,-0.884888,-1.826172,2.435547,-1.188477,-2.674072
224,4,4,07b0,0000,0622,0800,0000,0000,078e,080a,0000,07cb,0800,0000,0000,0706,07ca,0800,-0.096680,-0.176758,-4.481689,-5.891296,5.008820,-3.105835,1.086235,1.656494,0.331131,-3.579376
225,3,3,0780,0000,07ec,06b3,0000,07ce,0796,073e,07ec,0698,07a3,0000,0813,07ed,0737,0801,-3.955200,-3.691284,0.356934,2.880859,-7.546585,-1.416309,-4.498047,-3.352417,-1.596069,0.179687
226,8,8,06ce,0000,07a1,07c1,0000,0000,07d7,07d4,07e3,0000,0806,0000,0805,07e9,07b8,07cd,-3.717773,-2.837402,-4.699463,-2.758789,-3.105573,-0.488220,-2.440918,-3.625000,2.252441,-0.407104
227,4,4,07bd,0000,06d7,07f2,0000,0000,0000,07de,0000,07f0,081d,0000,0000,07a5,07f1,07fc,0.763672,-2.066406,-6.132813,-3.737305,5.098282,0.174316,2.969788,1.656250,-0.193237,-5.575073
228,1,8,07fb,0000,07b2,0816,0000,0000,07ed,0827,081c,0000,081a,0000,07c6,07db,0813,07d4,-1.519531,-0.562500,-4.388672,-11.668945,-0.465515,-1.941650,-0.525391,-5.883789,0.306641,-1.634766
229,0,0,083e,0000,082e,0814,0000,0786,0745,0834,0000,07e7,080d,0000,0819,081f,0807,07bb,8.105469,-10.595245,-3.201172,-6.935547,-4.686035,-1.742187,-1.174805,-2.430908,-2.272461,-2.588867
230,7,7,07f9,0000,0634,083b,0000,07ee,07e2,07d9,078f,0000,0836,0000,07f8,0808,07e7,0835,-4.464478,-0.947144,-5.805054,-7.268799,1.835297,-1.684814,-5.212723,3.207275,-4.082169,-3.697235
231,9,9,07bd,0000,0000,0801,0000,07d8,07b5,07cb,07a9,0000,07b6,0000,0803,0793,0000,07e2,-2.656250,-1.043823,-2.654297,-3.394531,-1.179062,-2.268921,-4.948242,0.943848,-3.157227,0.952637
232,2,2,07b3,0000,07ef,06f9,0000,0794,079b,07dc,07f3,0000,0718,0000,075a,0807,0797,0811,-3.311768,-1.226318,4.599609,-1.178467,-5.093018,-3.410057,-2.175781,-2.662109,-0.308472,-2.112457
233,8,1,0736,0000,07a6,07b9,0000,075b,07a6,07d2,07ca,0000,07d6,0000,078b,07cd,0787,0818,-3.789062,0.633514,-0.109863,-2.150391,-1.465157,-2.915222,-2.165039,-0.918457,0.573730,-2.486572
234,4,4,07ac,0000,0000,0807,0000,072e,073a,07d1,077b,07bc,0810,0000,0000,0000,0787,0813,-1.058594,1.654892,-4.924316,-4.304687,4.187332,-1.602295,0.058105,2.047607,-1.321289,-3.758301
235,8,8,076d,0000,0767,07b1,0000,06ed,07b5,07c6,07a7,0000,07da,0000,07d0,0805,075d,07c9,-2.600586,-2.536804,-2.095703,-2.590820,-2.156830,0.034485,-2.414062,-0.369629,1.281250,-0.974365
236,4,4,07e1,0000,0000,0811,0000,0000,07a0,0808,0727,0789,0815,0000,0000,0787,07da,07d8,0.873047,0.085937,-5.136963,-8.620605,4.531128,-1.293213,0.622314,1.354492,-0.432129,-3.081543
237,2,2,07bb,0000,0804,0722,0000,07d9,075c,0728,07d4,0000,0000,0000,07cc,07f0,0795,0817,-2.751953,-2.468750,4.707520,2.164063,-6.292816,-2.858841,-3.734375,-2.383423,-2.739258,-1.765381
238,4,4,07f5,0000,076b,0811,0000,0000,0000,0818,0000,07f5,07f2,0000,0000,0782,07e7,07fc,3.154297,-1.921875,-3.865234,-6.956543,5.065857,-2.495361,1.966553,1.555664,-0.984375,-4.682129
239,0,0,080a,0000,0825,07ff,0000,077d,07b9,081b,0000,0000,07f4,0000,0839,0828,07fa,0777,4.828125,-9.909332,-1.958984,-5.320312,-7.973389,-1.378052,-4.486328,-4.197266,0.476562,-0.213379
240,0,0,07f8,0000,07c5,0807,0000,06e6,0746,080e,077c,0729,07ff,0000,07c9,07c2,07c5,07cb,3.215332,-1.506485,-2.772949,-7.243164,-0.702759,-1.078857,-1.321533,-0.778076,-0.798584,-1.753418
241,0,0,083e,0000,081a,0815,0000,0787,0000,0822,07bc,0808,081b,0000,07ed,07fd,07f4,0800,5.785156,-7.066010,-4.362305,-6.199219,-1.794434,-1.703369,0.417969,-1.713867,-3.863281,-3.854980
242,2,2,07be,0000,07f2,0000,0000,077b,0000,074c,07c3,0000,0770,0000,0788,080b,07ab,081e,-1.662598,-1.837982,4.530273,1.315430,-5.129272,-1.066406,-2.380859,-1.566895,-0.700439,-3.792969
243,6,6,079d,0000,079c,0787,0000,0000,0788,0809,07e2,07f8,07f1,0000,06a7,0791,07d7,07dc,-1.459106,-2.370605,-3.722656,-2.886719,1.682114,-2.374939,3.412109,-2.242676,0.824341,-3.052368
244,7,7,080b,0000,0000,0823,0000,080e,07eb,07d5,06b3,0000,07fb,0000,080b,0812,0747,07ee,-3.464355,-4.119385,-3.614502,-5.746582,-0.626740,-1.960205,-6.803650,4.956543,-5.997314,0.494141
245,0,0,07fb,0000,07d5,07ef,0000,0000,0000,0802,075e,07b9,0803,0000,07c1,07ca,07d1,07bb,3.837891,-3.476563,-3.418213,-5.117187,-0.409851,-0.130005,0.385742,-0.951172,-0.770508,-2.559570
246,4,4,07cf,0000,0000,0806,0000,0000,075e,07f0,0712,07f4,0814,0000,0000,07ac,07e1,07f7,0.246094,-2.158203,-6.201355,-5.103027,5.568619,-0.705566,2.205078,1.903320,-0.441895,-4.805664
247,5,5,07b9,0000,0000,07a8,0000,0775,0000,0000,0800,0000,07ec,0000,0800,07d3,0664,074e,-1.285645,-1.536346,-3.950562,-1.185425,-4.028397,4.018677,-2.457275,-2.032471,-2.044800,0.630615
248,2,2,07b9,0000,0800,0717,0000,07c4,072c,075c,07d7,0000,06f1,0000,07db,0807,07a0,0812,-2.125977,-3.054565,4.275391,1.853638,-6.773270,-1.780548,-3.629883,-2.630615,-1.829895,-2.075500
249,2,2,07c3,0000,0803,0000,0000,0000,0000,07b1,07fb,0000,0772,0000,0779,0803,07cc,07f4,-0.187012,-1.933594,3.945312,-0.814453,-5.957489,-0.396484,-0.853516,-4.839844,0.293945,-2.756836
250,9,9,07c2,0000,079c,07ca,0000,079b,07b1,07c6,07ce,069b,07d4,0000,0816,07ce,079a,0781,-1.139771,-3.954651,-3.499512,-2.485840,-3.928162,-0.021484,-3.499023,-2.666138,-1.067688,1.144043
251,0,0,07f9,0000,07ce,07e7,0000,05d6,06f3,0809,07b8,078f,07d9,0000,07c3,07a2,07ba,0799,3.393860,-2.266634,-2.152405,-5.852325,-1.363098,-0.888519,-0.314362,-2.098022,-0.921387,-1.116608
252,4,4,07e9,0000,0747,07ff,0000,0000,0000,07f6,0713,07ff,080c,0000,0000,0781,07d4,07f5,1.773437,-2.177734,-5.474670,-4.659180,4.948944,-0.841919,2.488525,1.778320,-1.212402,-4.625488
253,6,6,07fe,0000,0812,079b,0000,0000,072e,082c,07d1,0837,082f,0000,0774,080d,0838,0819,1.602539,-8.812500,-5.236328,-2.117187,1.298096,-2.470093,7.111328,-3.923584,1.189453,-8.495972
254,8,8,078d,0000,07da,0778,0000,06b4,07ad,07ab,07e9,0000,07c7,0000,07e5,07ee,07d2,0800,-2.725098,-2.618523,-0.030273,-1.017578,-4.308929,-1.103577,-2.361084,-4.335449,1.147949,-1.906738
255,2,2,07a4,0000,07df,0779,0000,0670,0791,07d5,0805,0000,07a8,0000,0799,07d9,07c8,0808,-2.397949,-0.422049,1.746826,-2.357178,-3.982880,-2.117523,-1.434326,-4.625244,0.647949,-2.178833
256,3,3,0776,0000,0824,0000,0000,080a,07d5,07d4,0814,0807,078d,0000,0839,081c,0796,083b,-7.833984,-9.487305,-0.138672,7.070312,-9.499649,-6.302734,-4.353516,-4.967773,-2.323730,-1.042969
257,9,9,07ab,0000,07a0,0798,0000,079a,07b3,07cf,07ea,072a,07c1,0000,0806,07ac,0735,078b,-2.155273,-2.781799,-2.703125,-1.818359,-4.039230,-1.030945,-2.776855,-2.942383,-1.022705,1.602173
258,2,2,07b6,0000,0808,0000,0000,0758,06df,0783,0804,0000,0713,0000,079b,0807,07cf,081c,-2.020508,-1.707733,5.230469,0.821533,-6.666290,-1.517578,-2.136719,-4.889282,-0.360657,-3.417480
259,3,3,06b7,0000,07d9,0000,0000,07cb,0792,0000,07a3,0000,07b5,0000,0818,0807,0000,0800,-4.046875,-4.676575,-0.293213,3.964355,-7.023517,-0.765869,-4.967651,-1.245605,-0.614258,-0.251160
260,0,0,0831,0000,082b,080d,0000,0790,0768,082b,075d,0786,07ff,0000,082e,0818,07f7,07c2,6.931641,-8.828186,-1.785400,-6.689453,-7.241150,-1.779541,-3.658691,-3.620117,-1.983398,-0.990234
261,6,6,07c7,0000,07e1,0772,0000,0000,0000,07ee,0774,0801,07e0,0000,0707,07c7,07f1,07fc,1.126221,-4.473633,-1.742187,-0.732422,0.934036,-1.984741,3.196289,-1.392578,0.448242,-4.916992
262,8,8,0741,0000,079b,079f,0000,0763,07d8,07c1,07dd,0000,07d2,0000,0802,07e5,07c4,07db,-4.240234,-3.150879,-2.382813,-1.705078,-3.191753,-1.386353,-2.981934,-3.296387,1.133301,-0.379639
263,7,7,07e2,0000,0000,0813,0000,07eb,0802,07d4,07d7,0000,0830,0000,07dc,0831,0774,0827,-8.000000,-1.658936,-4.808594,-5.421875,-0.629028,-1.348389,-5.148437,3.569336,-2.883789,-2.244141
264,1,1,07c6,0000,06fc,0831,0000,07ed,07e9,0812,0835,0000,0824,0000,0828,0000,0788,082c,-6.798828,2.811523,-7.504883,-7.403320,-2.230011,-4.220459,-5.973694,-3.553711,-4.009888,0.947510
265,4,4,07d9,0000,072c,0816,0000,0000,070f,081f,0000,07eb,0809,0000,0000,0740,07db,0817,1.667969,-0.155273,-4.685547,-7.103760,5.687546,-3.490479,1.547607,2.151733,-0.396729,-5.127686
266,4,4,07d6,0000,06a1,07ff,0000,0000,06ac,07f3,0000,07ef,080c,0000,0000,0761,07da,07d4,1.883301,-2.017090,-5.802734,-5.062012,5.240845,-0.377075,2.604736,1.692017,-0.829346,-4.111023
267,1,1,06bf,0000,078f,0792,0000,0777,0797,07dd,07e6,0000,07c0,0000,0748,07b1,06e4,081a,-4.544434,2.085693,0.754150,-1.849609,-1.774499,-3.503540,-1.948120,-0.936523,0.234863,-1.936584
268,1,1,078c,0000,07ce,0763,0000,0000,0733,07f4,0817,0785,07ce,0000,0787,0752,07ac,07ee,-1.609375,0.868164,-0.583984,-2.612549,-3.088699,-1.870056,0.648437,-5.347412,0.236816,-1.479126
269,6,6,0786,0000,07d4,0760,0000,0000,075a,07fb,07b7,0801,07e3,0000,0750,07c1,07e8,07fb,-0.797363,-4.071289,-2.592285,-0.669922,0.823471,-2.643402,3.059570,-2.236816,1.313965,-4.211304
270,3,3,076a,0000,07d7,0742,0000,07cf,07a3,0000,07af,0000,076b,0000,0815,07f1,073d,07d7,-3.205078,-4.939453,0.054687,2.665039,-6.297440,-0.992630,-4.814453,-1.990723,-1.460693,0.663818
271,8,8,0757,0000,0811,079a,0000,0724,0825,080d,0810,0772,0802,0000,0833,082a,0806,0815,-8.154297,-8.143814,-3.446289,-1.970703,-7.136208,-5.473938,-4.326660,-8.166016,4.505371,-0.751709
272,1,1,070f,0000,0785,07a4,0000,0752,0790,07c8,07f7,0000,07dc,0000,078e,07aa,0741,081a,-4.516602,2.010681,-0.618164,-1.786133,-1.884977,-2.310974,-2.033691,-1.628906,0.153320,-2.064941
273,2,2,077e,0000,07fa,068e,0000,0794,0789,0790,07a0,0000,073b,0000,07d6,0802,07b9,0813,-2.464600,-3.352661,3.462158,1.593262,-5.378113,-2.758095,-3.189697,-2.333740,0.228149,-2.438332
274,5,5,07af,0000,079b,076e,0000,0000,0759,0000,07df,0000,0802,0000,0815,0801,07ab,071e,-0.664063,-4.750977,-4.505859,-0.325195,-5.273651,4.305420,-2.275879,-3.599609,0.274536,-0.136353
275,7,7,07a7,0000,0000,07d7,0000,07c4,07d4,07bd,0751,0000,07d9,0000,07b2,080c,06ce,07e1,-4.322510,-2.295776,-1.642090,-3.070312,-0.503052,-1.241699,-3.499512,2.959961,-1.199707,-0.785645
276,8,8,07d8,0000,07c9,0802,0000,07c6,07f4,07cd,07db,0000,0801,0000,080c,083a,07f2,080f,-5.009766,-5.592834,-1.844727,-3.914062,-3.806564,-1.085571,-5.058594,-1.569824,-0.783203,-2.314453
277,3,3,0776,0000,077e,0750,0000,07e0,07a0,0000,07d1,0000,07d0,0000,081e,07fd,0000,07cf,-4.496094,-4.164795,-2.404297,2.191406,-5.891251,0.732056,-4.744873,-0.772461,-2.266602,1.016602
278,2,2,07b8,0000,07e0,0706,0000,0000,05cc,07e8,07fb,0000,07b6,0000,077d,0805,0711,0801,-0.968262,-0.278503,2.414612,-1.824799,-5.581116,-0.777863,-1.332916,-2.568333,0.531219,-2.069336
279,0,0,0807,0000,07c4,07f7,0000,06e7,0000,07e8,073f,0769,07f2,0000,07cd,07d4,07b6,0789,4.127930,-3.178368,-2.750854,-5.618164,-1.120697,0.919800,-1.127197,-0.243164,-1.634277,-1.528320
280,3,3,07ea,0000,0810,0746,0000,07d8,07ca,0765,0828,0792,0807,0000,0838,0826,0739,0825,-6.328125,-6.070190,-2.135742,3.300781,-10.938782,-0.660706,-5.693359,-5.068970,-2.652832,-0.277954
281,4,4,07c5,0000,07b8,07dc,0000,0000,0000,07f9,066c,07fb,0807,0000,0000,07c1,07fd,07fa,1.662842,-3.523926,-3.863983,-3.164307,3.433578,-1.300781,3.158997,0.214844,0.237671,-5.508911
282,1,1,0000,0000,0716,0791,0000,0768,07a6,07bb,07d9,0000,07ca,0000,0743,0788,0000,080e,-4.924316,2.103882,-0.603516,-1.669434,-0.511719,-2.653137,-1.808350,-0.272461,0.088867,-1.509888
283,9,9,07d2,0000,07d4,07c0,0000,07a9,07cb,07c5,07ce,0000,07bf,0000,080f,07e0,079b,078b,-1.430664,-4.723938,-1.883301,-2.273437,-4.821091,-1.116821,-3.816406,-3.086914,-1.261963,1.319824
284,9,9,07ae,0000,071f,0820,0000,0803,083d,0800,07ac,0000,07f3,0000,081f,081a,07d4,07fc,-10.064453,-6.145996,-5.270508,-6.543945,0.043747,-6.295654,-7.393311,0.660156,-1.261475,1.543457
285,9,9,07c6,0000,07a4,07ba,0000,07ab,07c7,07cb,07c3,0000,07c1,0000,0805,07c0,0757,077c,-1.702148,-3.362671,-2.459961,-2.579102,-3.455597,-1.282471,-3.403809,-1.839355,-1.354736,1.641357
286,6,6,07c2,0000,07d0,079f,0000,0000,06a3,0807,07ea,0808,080c,0000,0760,07b8,07e3,07fe,-0.162109,-3.113770,-4.422363,-1.927734,0.653381,-1.440063,3.707520,-2.677612,0.268311,-4.354492
287,3,3,076b,0000,07d4,06f3,0000,07c9,0745,0000,07c7,0000,0791,0000,0813,07f9,0000,07e1,-2.528320,-4.085327,0.149414,3.120117,-7.088463,0.122215,-4.473633,-1.880615,-1.585938,0.195801
288,7,7,07de,0000,0721,0801,0000,0806,0800,07f6,0742,0000,0806,0000,07aa,0835,071d,0831,-7.577148,-1.980591,-0.556030,-4.356445,-0.486389,-4.334839,-5.327148,6.040039,-3.179199,-2.418213
289,1,1,0779,0000,07b3,0798,0000,079c,0000,07c9,0821,0000,07c8,0000,078a,075c,0764,080f,-3.302734,3.128296,0.816406,-1.758545,-3.955727,-1.566589,-1.325684,-4.144531,-1.955078,-1.384644
290,6,6,07a5,0000,07cd,0784,0000,0000,0750,080b,07e1,0805,0803,0000,0743,07b2,07dc,07ff,-0.971191,-2.996094,-3.792969,-1.829102,0.815323,-2.427734,3.548828,-2.484131,0.864746,-4.022339
291,9,9,0780,0000,0000,07e2,0000,0757,07b8,07a9,07c7,0000,0804,0000,07e5,0780,06f5,0730,-1.970215,-1.026550,-5.981934,-3.864258,-0.567581,0.753296,-2.128906,-1.000244,-0.513916,1.088867
292,4,4,0768,0000,0000,07f8,0000,0000,078f,07e4,06d5,0789,0806,0000,074a,0767,07a7,07ff,-1.164062,0.419922,-4.400330,-4.645508,3.447685,-1.827881,-0.266235,1.449219,0.660645,-3.079590
293,7,7,0791,0000,0000,07cb,0000,07df,07a8,0728,0729,0000,07ed,0000,07c4,07f6,063a,0802,-4.441589,-1.365479,-1.817627,-0.595764,-0.791756,-0.557251,-3.618774,3.478638,-2.701355,-1.397461
294,1,1,0786,0000,07c5,0767,0000,074d,0000,07d5,081b,0000,07a9,0000,078c,076d,078c,07f4,-1.909180,1.980515,1.126953,-2.149414,-4.284927,-1.237366,-0.687500,-5.069336,-0.796387,-1.094727
295,8,8,078f,0000,07fa,07c3,0000,0000,0815,081f,07dd,0000,0808,0000,0807,0835,07bb,0816,-6.277344,-5.074219,-2.233398,-4.558594,-5.159050,-5.017517,-4.250977,-3.081055,4.322266,-1.257324
296,1,1,0000,0000,072a,077e,0000,0751,0799,07ab,07ca,0000,07ab,0000,0712,0775,05cc,0807,-4.217468,1.825470,-0.005722,-1.360733,-0.403625,-2.562241,-1.651398,-0.231506,0.207947,-1.441406
297,3,3,07a5,0000,07f1,06da,0000,07c0,071f,0777,07e9,0730,07a1,0000,080b,07f7,0000,07f3,-2.075684,-3.635742,0.604492,2.427734,-7.699326,-0.523598,-3.815430,-2.869995,-1.722412,-0.107391
298,0,0,0839,0000,0825,0805,0000,0705,0000,082c,0796,07fd,0824,0000,0818,080b,0812,079d,8.046875,-9.977417,-5.532715,-6.311523,-4.086243,0.073975,0.951904,-4.187500,-1.708740,-3.061035
299,5,5,07c9,0000,07a4,077d,0000,0760,074e,0751,0804,0777,07e8,0000,080d,07e3,07af,0694,-0.771484,-4.544373,-3.998535,-0.662598,-4.953583,3.238556,-1.453857,-4.414307,-1.231354,0.420532
300,3,3,0789,0000,07c6,0763,0000,07ea,078b,0000,0000,0000,07a6,0000,0808,0805,0000,07fd,-3.179687,-4.493896,0.375000,2.917969,-5.117966,-1.139587,-4.979980,1.454590,-2.441895,-0.523071
301,4,4,06d5,0000,0000,07fc,0000,0000,0732,07e4,07b9,07d1,081a,0000,0000,072d,0786,0829,-2.821289,2.163086,-5.558594,-3.114746,3.927621,-2.112061,0.748291,1.279297,0.341797,-4.748779
302,1,3,0740,0000,078f,07c6,0000,07b5,0774,078c,07c9,0000,07af,0000,07fa,078c,06f2,080c,-3.186035,-0.295349,-1.038086,0.006348,-3.005226,-2.049805,-4.149414,-1.047852,-1.501465,-0.618164
303,9,9,079e,0000,07cc,07ab,0000,07a0,07c1,07e5,079a,0000,07a0,0000,0812,07dd,0793,07a6,-1.123047,-4.567261,-1.431641,-1.851562,-4.624054,-2.094055,-3.723633,-2.390137,-0.005371,0.958252
304,3,3,0747,0000,07d1,073c,0000,07a6,0781,0706,07fa,06bc,07d2,0000,0812,07d8,070a,07fd,-3.884033,-2.522583,-1.575195,2.304199,-6.536999,-0.210419,-3.951172,-3.518738,-0.882202,-0.048523
305,5,5,07d8,0000,0738,07cc,0000,078e,074e,0000,07e3,0000,07e9,0000,0811,07f0,071f,0000,-0.607422,-3.746033,-4.319336,-1.721680,-4.308517,3.958496,-3.528931,-1.602539,-2.420654,1.120117
306,4,4,07da,0000,06a8,0814,0000,0000,0000,0813,05ef,07ef,0814,0000,0000,074c,07e4,080c,1.959961,-0.524414,-5.713058,-6.653198,5.955780,-2.013855,2.136604,2.178223,-0.685089,-5.282379
307,7,7,07cc,0000,075a,07d4,0000,07b1,07ed,07f3,06b3,0000,07c5,0000,076c,0802,0000,07dd,-3.669434,-2.101746,-0.565674,-4.862793,0.132660,-3.570068,-3.155701,3.033203,-0.684326,-0.326172
308,4,4,07d2,0000,0718,0802,0000,0000,07a0,07f4,0000,079c,07ff,0000,072c,075a,07d7,07c3,0.894043,-1.226563,-4.408203,-6.639160,4.013870,-1.505981,0.532227,0.767578,-0.230469,-2.489502
309,1,1,0000,0000,0701,07c8,0000,074f,079b,07b6,07ee,0000,0801,0000,07d5,075a,06f3,0818,-4.797852,2.114258,-3.518066,-1.705078,-1.196289,-1.635742,-2.704956,-1.270020,0.092285,-1.474609
310,5,5,07c4,0000,064b,07c9,0000,06db,075d,078c,0794,079d,080c,0000,07e4,07c2,0797,0731,0.090820,-3.404732,-6.483398,-2.501587,0.079361,2.731323,-0.336365,-0.261475,-0.604584,-0.870972
311,1,1,076f,0000,076a,07ca,0000,0000,0752,07f4,07e3,06e3,0803,0000,0000,0793,0787,0814,-2.295410,3.000977,-1.581055,-4.282227,-0.051376,-1.872314,-0.303711,-0.897461,0.518066,-3.109375
312,5,5,07e5,0000,079a,0807,0000,0000,07d0,0784,07f4,0000,0834,0000,0816,080b,080e,0795,-1.296875,-4.984375,-7.875977,-5.611328,-2.187714,3.995361,-2.157227,-4.590332,-0.002197,-1.777832
313,0,0,0829,0000,082e,07c0,0000,07ba,0000,0811,07e9,0803,07bb,0000,07fa,07fb,0813,0808,3.920898,-8.275574,1.193359,-1.820312,-5.311096,-3.370728,0.500000,-5.470703,-3.466309,-3.713379
314,9,9,0766,0000,0760,07dc,0000,07b5,07e2,078b,0795,0000,07c7,0000,0806,07c7,0784,07c0,-3.986328,-3.434509,-3.440918,-1.945312,-1.516167,-1.700073,-4.266357,-0.852783,-0.745117,0.898437
315,8,8,0757,0000,07cd,0786,0000,0000,07ce,07d1,07cf,0000,07e8,0000,07ec,0800,07cf,07e3,-3.080078,-3.441406,-1.854492,-1.953125,-3.613747,-1.145630,-2.067383,-3.518555,2.268555,-1.484619
316,4,4,06fc,0000,0745,07e1,0000,0000,0771,07f6,079f,07db,07fd,0000,0000,074e,0787,0824,-2.790039,0.808838,-3.821777,-2.606934,3.409990,-3.621582,0.717041,0.963867,0.845215,-4.255127
317,2,2,07b1,0000,07cd,079d,0000,07d6,074e,07b2,0803,0000,0724,0000,0783,0794,0791,080e,-3.066406,1.008179,3.300781,-1.102539,-3.650131,-3.149902,-2.373047,-2.595703,-3.319092,-1.230225
318,3,3,06e1,0000,07e2,06c4,0000,07c9,07c8,0785,07d8,0777,07ca,0000,080b,07cf,06f2,080a,-5.391113,-3.543335,-1.460937,2.978516,-5.378548,-3.142822,-3.704346,-2.481567,-0.623535,0.009415
319,8,8,074d,0000,07c5,07c2,0000,0000,07ca,0809,07cd,0788,07f3,0000,07b6,07c6,07c8,0805,-2.828125,-1.383789,-2.521973,-3.688477,-0.775803,-3.685364,-0.570313,-2.547852,2.129883,-2.248047
320,4,4,07d5,0000,0000,0810,0000,070f,07ad,07e9,0000,0792,0818,0000,0000,07af,07e1,07ec,-0.228516,-0.586914,-5.196289,-7.207031,4.832169,-0.967773,0.317627,1.942871,-0.572266,-3.728516
321,1,1,0745,0000,0751,07e2,0000,0000,0795,0802,07e8,0000,080b,0000,0730,07b6,07a0,081c,-3.340820,2.939941,-2.315430,-5.207031,0.232052,-2.334595,-0.862793,-0.999023,1.125000,-3.248779
322,2,2,07ba,0000,07f3,0787,0000,07a5,0787,07ae,0801,0000,0796,0000,07c8,07ce,07cd,080e,-2.559570,-1.157349,2.338867,-0.779297,-4.946609,-2.523621,-2.383789,-4.447266,-1.442627,-1.824585
323,0,0,080f,0000,07e3,07eb,0000,0742,0700,07fe,074f,07ca,07e6,0000,07dd,07e0,07d8,0773,4.455078,-5.843430,-2.937500,-4.756836,-1.296844,0.038452,-0.114258,-1.213623,-1.779785,-1.732910
324,1,1,074c,0000,07c4,0795,0000,0767,0000,07fc,081b,0760,07fd,0000,0789,071a,0781,0814,-2.693359,3.040436,-1.280273,-2.354248,-3.185951,-2.223694,0.131348,-4.214844,-0.539551,-2.096558
325,1,1,077d,0000,075b,07e6,0000,07a3,07ca,07af,07dc,0000,07c7,0000,07ca,07b5,078d,0807,-4.550781,-0.059570,-1.449219,-2.940430,-0.795586,-2.525513,-3.439209,-1.081543,-1.120117,-0.954102
326,4,4,07e2,0000,0000,0816,0000,0000,0765,07fb,06b7,07d3,0818,0000,0000,076f,07e1,0801,1.055176,-0.547852,-5.915192,-6.953857,5.777222,-1.187744,1.265930,2.041992,-0.943359,-4.535400
327,4,4,0781,0000,070e,07f6,0000,0000,077a,0807,0000,07d0,0804,0000,0000,06ec,07a4,0809,-0.553711,0.181641,-4.583008,-4.620972,4.512978,-3.311523,1.049438,1.847168,0.650879,-3.677490
328,5,5,07b9,0000,0594,07c5,0000,074a,063e,0000,07c4,0000,0808,0000,07e7,07f0,0780,07bf,-0.886475,-1.746155,-4.052032,-1.580963,-2.230545,3.897675,-2.073997,-0.153473,-1.208412,-1.567757
329,7,7,07ac,0000,0719,07d1,0000,07a7,07d9,07e3,0723,0000,07cc,0000,0774,0802,0000,07da,-3.596680,-1.702332,-0.947876,-4.200195,-0.003098,-2.503540,-2.828003,2.804687,-0.460693,-0.648682
330,5,5,07ae,0000,06c1,07a7,0000,06f5,0756,0000,079a,0000,0809,0000,07de,0806,07a0,078a,-1.049316,-3.155022,-4.119141,-1.636230,-1.935257,4.060913,-1.552185,-0.075195,-0.102661,-1.628296
331,0,0,082d,0000,0806,081d,0000,0767,0754,0804,0000,0000,081e,0000,0820,0819,07f8,0000,7.015625,-7.639252,-4.701172,-8.041016,-4.660889,2.466797,-3.293945,-1.844727,-2.332031,-0.983398
332,3,3,0788,0000,07cb,070b,0000,07e0,07a2,0000,07d6,0000,07a2,0000,082a,0808,0000,07d2,-4.018555,-5.545654,-0.989258,3.167969,-7.875771,0.125870,-5.509766,-2.028320,-2.094238,1.360077
333,2,2,0788,0000,07ef,06b8,0000,0716,073d,07d3,07b9,0645,07a3,0000,0763,07ef,077b,080f,-1.341980,-0.851028,2.905518,-0.457520,-4.234901,-2.472359,-1.471436,-1.729675,0.888519,-2.791138
334,2,2,07a3,0000,0805,0000,0000,0798,0774,07c6,07ed,0000,06f4,0000,07e2,0808,0759,07ef,-1.837158,-3.417908,3.394531,0.638428,-7.696609,-2.035156,-3.194336,-3.835937,-0.326782,-0.523926
335,4,4,07c9,0000,0000,0809,0000,0000,07b3,080e,0000,0790,07f4,0000,0000,0791,07d2,07eb,0.042969,-0.246094,-3.435547,-7.731445,4.424225,-2.940674,0.068359,1.537109,0.376953,-3.024414
336,2,2,07c3,0000,07e2,07af,0000,07f7,075a,07d5,0805,0000,0682,0000,078d,07cb,072e,0829,-3.949982,1.244141,4.874512,-0.799438,-4.961212,-4.857483,-3.673340,-1.488647,-4.278793,-1.355469
337,7,7,07ca,0000,071f,07ec,0000,07c8,07c9,07ea,0000,0000,07e0,0000,06da,0801,0700,080c,-3.402100,-0.286438,-0.240723,-4.687500,0.894897,-3.172363,-2.974365,4.272949,-1.731323,-2.106445
338,7,7,0789,0000,074d,07d1,0000,07c8,079f,07b9,0000,0000,07e6,0000,0787,07fb,0763,0813,-3.532227,-0.653625,-0.412109,-1.898437,-0.223434,-2.010376,-2.874512,3.216309,-1.345215,-2.777588
339,8,8,07c2,0000,07e6,0810,0000,075f,080b,081e,0815,0000,0821,0000,0822,0830,07dc,082f,-6.484375,-3.560944,-4.408203,-6.468750,-5.263123,-3.731445,-5.620117,-4.470703,2.037109,-1.874023
340,7,7,07d7,0000,0000,0810,0000,082a,0810,07ad,0771,0000,082a,0000,0805,0833,0000,081e,-9.859375,-3.794434,-4.906738,-2.689453,-1.302643,-2.786133,-7.014160,6.375977,-5.818359,-0.316406
341,6,6,07c8,0000,07c1,07c6,0000,0000,0000,07ed,07b0,07e5,0816,0000,077a,07df,07ee,0801,0.494141,-3.027344,-4.163574,-2.503906,0.814865,0.001709,2.407227,-1.039063,0.230469,-4.986816
342,3,3,078a,0000,07ca,0778,0000,07da,0748,0000,0787,0000,0782,0000,07f2,07e8,0000,0800,-2.561035,-2.808716,1.237305,2.324219,-4.894348,-1.126526,-4.320312,0.224121,-2.597412,-0.686035
343,1,1,0000,0000,076b,07c1,0000,078b,07aa,07d4,07de,0000,07d6,0000,078a,07b6,068c,0822,-5.224121,2.053436,-0.513550,-1.913208,-1.205566,-3.460510,-2.681152,-0.210449,0.011719,-1.973389
344,1,1,0764,0000,0000,07f4,0000,0765,079c,07c1,07ff,0000,07f8,0000,07c5,0750,075d,0805,-3.842773,2.180115,-3.616211,-3.961914,-0.289597,-1.088623,-2.543945,-1.655762,-0.943359,-1.037598
345,5,5,07c8,0000,0784,07a1,0000,0716,0000,072b,07f1,073d,07ed,0000,080b,07f2,078f,06d5,0.183594,-3.925858,-4.003418,-1.126465,-4.704788,4.281494,-1.946289,-3.182983,-1.011261,0.017090
346,8,8,07a1,0000,07da,07f4,0000,0000,0802,081f,07f9,0000,080e,0000,0809,081f,0808,0809,-4.042969,-4.111328,-3.232422,-6.750000,-3.448303,-3.146240,-2.843750,-4.961914,3.319336,-2.278809
347,8,8,071e,0000,07fa,07ae,0000,0000,07d0,0832,0816,07dc,081f,0000,0808,080f,07ec,082d,-4.701172,-3.832031,-4.632812,-2.572266,-4.385017,-4.234863,-0.046875,-5.681641,3.671875,-3.712646
348,8,8,0751,0000,07dc,0799,0000,0000,07ce,0804,07d3,0745,07ed,0000,07db,07e3,07d9,07f8,-2.592773,-2.669922,-1.823730,-3.001953,-2.865665,-3.041260,-1.114258,-3.900391,2.553223,-1.876587
349,6,6,07be,0000,07c0,076b,0000,074d,070c,0802,0801,07fb,07f5,0000,074e,0797,07d4,07fa,-1.312500,-2.029251,-2.997070,-1.652344,-0.035522,-1.893707,3.078613,-2.889771,-0.525391,-3.360718
350,7,7,0752,0000,079d,07bf,0000,078a,0798,07b8,0000,0000,07e7,0000,07d9,07e3,078c,0802,-2.125000,-2.071045,-1.671875,-1.099609,-1.627392,-1.493713,-2.822754,0.748535,0.319336,-2.057373
351,2,2,07c3,0000,07e4,0783,0000,07d7,078c,07b8,07da,0000,0000,0000,07b1,07e8,079a,0806,-2.724609,-1.797607,3.937500,-0.519531,-4.675262,-3.214813,-3.102539,-1.851562,-2.569336,-1.143311
352,7,7,07c9,0000,0000,0822,0000,0809,081b,0824,0000,0000,0824,0000,081c,081b,0654,0834,-8.234375,-2.818970,-5.955811,-6.334229,-0.323944,-6.756592,-7.664551,5.553223,-1.994873,-0.245117
353,8,8,0745,0000,07f7,07d0,0000,07a4,0825,0808,07f0,0000,0801,0000,081f,0831,0791,081b,-9.240234,-5.826721,-2.959961,-2.615234,-5.947636,-5.844238,-6.286133,-3.176758,2.808594,0.206787
354,9,9,07a0,0000,07c6,0783,0000,07a6,07cb,07ce,07e2,0719,078f,0000,0806,07c8,0772,0787,-2.579102,-3.887817,-1.489258,-1.379883,-4.613327,-1.903290,-3.036621,-3.448730,-0.653320,1.691650
355,4,4,07d3,0000,06c5,080e,0000,0000,078f,0809,070a,0795,0811,0000,0727,0779,07d4,07ed,0.771973,0.093750,-4.933044,-7.662598,4.192566,-1.729004,0.378967,1.331543,-0.186157,-3.308472
356,2,2,07c0,0000,07f8,0000,0000,0764,0744,07b6,0800,0000,0718,0000,07a4,0803,0794,0800,-1.732666,-1.860870,4.007812,-0.272217,-6.320709,-1.396484,-2.114258,-3.923828,-0.449097,-1.732910
357,0,0,0809,0000,07d9,0800,0000,072a,0747,07f9,0000,0781,07ea,0000,07e1,07e6,07d0,076e,4.371094,-4.888031,-2.693359,-5.873047,-1.407410,0.139404,-1.411133,-0.630127,-1.364014,-1.379883
358,3,3,0731,0000,07dd,0726,0000,07b9,0767,071e,07eb,0000,07b0,0000,0812,07e4,0000,07fd,-3.475586,-2.893188,-0.331055,2.765625,-7.177547,-0.658707,-4.397949,-3.149048,-1.036621,0.080139
359,4,4,07c3,0000,0000,0809,0000,0000,0000,0802,0000,07d3,0811,0000,0000,0750,07ce,0802,1.366211,0.023437,-5.228516,-5.684570,4.949738,-1.243408,1.598633,2.087891,-0.431641,-4.531250
